title,address,description,price,contact,images
2 bedroom flat for sale,"Plot 245, The Trinity Block G at Castellum Grange, Mason Road CO1","Bright open plan kitchen/living room,En suite to bedroom 1,Spacious balcony to all plots,Large bathroom with modern fixtures and fittings","215,000", 01206 988902,"https://media.onthemarket.com/properties/14785240/1499731119/image-0-480x320.jpg,https://media.onthemarket.com/properties/14785240/1499731119/image-0-480x320.jpg,https://media.onthemarket.com/properties/14785240/1499731119/image-1-480x320.jpg,https://media.onthemarket.com/properties/14785240/1499731119/image-2-480x320.jpg,https://media.onthemarket.com/properties/14785240/1499731119/image-3-480x320.jpg,https://media.onthemarket.com/properties/14785240/1499731119/image-4-480x320.jpg"
4 bedroom detached house for sale,"Back Drove, Leigh, Sherborne, Dorset, DT9","Tenure: Freehold,4 Bedrooms,No Onward Chain,Glorious Views","1,295,000", 01935 590903,"https://media.onthemarket.com/properties/15318622/1500372676/image-0-480x320.jpg,https://media.onthemarket.com/properties/15318622/1500372676/image-0-480x320.jpg,https://media.onthemarket.com/properties/15318622/1500372676/image-1-480x320.jpg,https://media.onthemarket.com/properties/15318622/1500372676/image-2-480x320.jpg,https://media.onthemarket.com/properties/15318622/1500372676/image-3-480x320.jpg,https://media.onthemarket.com/properties/15318622/1500372676/image-4-480x320.jpg"
4 bedroom detached house for sale,"Westover, Langport, Somerset, TA10","Tenure: Freehold,Immaculate, individually built home,Superb garden and adjoining paddock totalling ~2.50 acres,Ideal, edge of town situation","925,000", 01458 521944,"https://media.onthemarket.com/properties/13702614/1500445023/image-0-480x320.jpg,https://media.onthemarket.com/properties/13702614/1500445023/image-0-480x320.jpg,https://media.onthemarket.com/properties/13702614/1500372597/image-1-480x320.jpg,https://media.onthemarket.com/properties/13702614/1500372597/image-2-480x320.jpg,https://media.onthemarket.com/properties/13702614/1500372597/image-3-480x320.jpg,https://media.onthemarket.com/properties/13702614/1500372597/image-4-480x320.jpg"
Land for sale,"Cad Road, Ilton, Ilminster, Somerset, TA19","Accessed directly off Cad Road,Level lying garden plot,285sqm plot,Road frontage along southern boundary","10,000", 01460 312963,"https://media.onthemarket.com/properties/15318620/1500372556/image-0-480x320.jpg,https://media.onthemarket.com/properties/15318620/1500372556/image-0-480x320.jpg,https://media.onthemarket.com/properties/15318620/1500372556/image-1-480x320.jpg,https://media.onthemarket.com/properties/15318620/1500372556/image-2-480x320.jpg,https://media.onthemarket.com/properties/15318620/1500372556/image-3-480x320.jpg,https://media.onthemarket.com/properties/15318620/1500372556/image-4-480x320.jpg"
2 bedroom detached house for sale,"2 Ardtrasgairt Cottages, Fortingall, Aberfeldy, Perth and Kinross, PH15","2 reception rooms. 2 bedrooms,Traditional cottage with pleasant reception rooms and well proportioned bedrooms,Sunroom with ample natural light and garden access,Lovely private garden with a variety of shrubs and bushes","220,000", 01738 301815,"https://media.onthemarket.com/properties/15318584/1500370921/image-0-480x320.jpg,https://media.onthemarket.com/properties/15318584/1500370921/image-0-480x320.jpg,https://media.onthemarket.com/properties/15318584/1500370921/image-1-480x320.jpg,https://media.onthemarket.com/properties/15318584/1500370921/image-2-480x320.jpg,https://media.onthemarket.com/properties/15318584/1500370921/image-3-480x320.jpg,https://media.onthemarket.com/properties/15318584/1500370921/image-4-480x320.jpg"
8 bedroom detached house for sale,"Millbrae House, Rockcliffe, Dalbeattie, Dumfries and Galloway, DG5","Tenure: Freehold,*VIEWINGS COMMENCE WEDS 31ST JULY*,3 reception rooms. 7 bedrooms,Flexible configuration","630,000", 01556 487991,"https://media.onthemarket.com/properties/15318583/1500370859/image-0-480x320.jpg,https://media.onthemarket.com/properties/15318583/1500370859/image-0-480x320.jpg,https://media.onthemarket.com/properties/15318583/1500370859/image-1-480x320.jpg,https://media.onthemarket.com/properties/15318583/1500370859/image-2-480x320.jpg,https://media.onthemarket.com/properties/15318583/1500370859/image-3-480x320.jpg,https://media.onthemarket.com/properties/15318583/1500370859/image-4-480x320.jpg"
3 bedroom detached bungalow for sale,"Copper Beech Drive, WOLVERHAMPTON","NO UPWARD CHAIN,HIGHLY SOUGHT AFTER ADDRESS OFF GREENHILL,THREE BEDROOM DETACHED BUNGALOW,JUST SHY OF 1/4 OF AN ACRE","500,000", 01902 596717,"https://media.onthemarket.com/properties/15317966/1500362067/image-0-480x320.jpg,https://media.onthemarket.com/properties/15317966/1500362067/image-0-480x320.jpg,https://media.onthemarket.com/properties/15317966/1500362067/image-1-480x320.jpg,https://media.onthemarket.com/properties/15317966/1500362067/image-2-480x320.jpg,https://media.onthemarket.com/properties/15317966/1500362067/image-3-480x320.jpg,https://media.onthemarket.com/properties/15317966/1500362067/image-4-480x320.jpg"
Plot for sale,"Sea Cliff, Strawberry Lane, Penally, Tenby","Tenure: Freehold,1,162 sq ft floor area,Nearest station 0.3mi.,Nearest school 1.2mi.","250,000", 01437 723104,"https://media.onthemarket.com/properties/15310812/1500271618/image-0-480x320.jpg,https://media.onthemarket.com/properties/15310812/1500271618/image-0-480x320.jpg,https://media.onthemarket.com/properties/15310812/1500271618/image-1-480x320.jpg,https://media.onthemarket.com/properties/15310812/1500271618/image-2-480x320.jpg,https://media.onthemarket.com/properties/15310812/1500271618/image-3-480x320.jpg,https://media.onthemarket.com/properties/15310812/1500271618/image-4-480x320.jpg"
3 bedroom semi-detached house for sale,"The Barley at Together Homes, Underwood Bank YO25","Tenure: Leasehold,£222,000 OMV - (40% Share - £88,800),Rent - £305.25 pm - (Other Shares Are Available),Service Charge - £14.38 pm","65,550", 01924 909890,"https://media.onthemarket.com/properties/13667732/1493235330/image-0-480x320.jpg,https://media.onthemarket.com/properties/13667732/1493235330/image-0-480x320.jpg,https://media.onthemarket.com/properties/13667732/1491212222/image-1-480x320.jpg,https://media.onthemarket.com/properties/13667732/1491212222/image-2-480x320.jpg,https://media.onthemarket.com/properties/13667732/1491212222/image-3-480x320.jpg,https://media.onthemarket.com/properties/13667732/1498390717/image-4-480x320.jpg"
4 bedroom detached house for sale,"Holden at DWH Canal Quarter @ Kingsbrook Burcott Lane, Broughton, Aylesbury HP22","READY TO MOVE INTO NOW | Benefit from a £30,750 deposit contribution,Reserve now and be in your new home for the new school year!,Kitchen with integrated appliances, flooring throughout & fitted wardrobes to the main bedroom,Detached double fronted home with a South facing garden","615,000", 01296 698883,"https://media.onthemarket.com/properties/13666791/1499797412/image-0-480x320.jpg,https://media.onthemarket.com/properties/13666791/1499797412/image-0-480x320.jpg,https://media.onthemarket.com/properties/13666791/1498068300/image-1-480x320.jpg,https://media.onthemarket.com/properties/13666791/1498068300/image-2-480x320.jpg,https://media.onthemarket.com/properties/13666791/1499797412/image-3-480x320.jpg,https://media.onthemarket.com/properties/13666791/1499797412/image-4-480x320.jpg"
2 bedroom apartment for sale,"Westbourne Terrace, Paddington, Lancaster Gate W2","Tenure: Share of freehold,Nearest station 0.1mi.,Nearest school 0.2mi.","875,000", 020 8022 0162,"https://media.onthemarket.com/properties/11526547/1468894285/image-0-480x320.jpg,https://media.onthemarket.com/properties/11526547/1468894285/image-0-480x320.jpg,https://media.onthemarket.com/properties/11526547/1468894285/image-1-480x320.jpg,https://media.onthemarket.com/properties/11526547/1468894285/image-2-480x320.jpg,https://media.onthemarket.com/properties/11526547/1468894285/image-3-480x320.jpg,https://media.onthemarket.com/properties/11526547/1468894285/image-4-480x320.jpg"
Land for sale,"Red Hall Lane, Overton On Dee, Wrexham","33.99 acres (13.75ha) of Accommodation Land,For sale as a whole,Suit Agricultural, Equine or Amenity Uses,Contact our Oswestry office for further information","250,000", 01691 721967,"https://media.onthemarket.com/properties/15317923/1500361815/image-0-480x320.jpg,https://media.onthemarket.com/properties/15317923/1500361815/image-0-480x320.jpg,https://media.onthemarket.com/properties/15317923/1500361815/image-1-480x320.jpg,https://media.onthemarket.com/properties/15317923/1500361815/image-2-480x320.jpg,https://media.onthemarket.com/properties/15317923/1500361815/image-3-480x320.jpg,https://media.onthemarket.com/properties/15317923/1500361815/image-4-480x320.jpg"
House for sale,"Croft land, Armadale","Tenanted croft land,5.9 acres,Mains water available,Electricity pole in field","70,000", 01847 307017,"https://media.onthemarket.com/properties/15317799/1500360218/image-0-480x320.jpg,https://media.onthemarket.com/properties/15317799/1500360218/image-0-480x320.jpg,https://media.onthemarket.com/properties/15317799/1500360218/image-1-480x320.jpg,https://media.onthemarket.com/properties/15317799/1500360218/image-2-480x320.jpg"
4 bedroom end of terrace house for sale,"Ynysmeudwy Road, Ynysmeudwy, Pontardawe, SA8 4QJ","Four Bedrooms,End Terraced Family Home,Stone Double Fronted,Lounge","205,000", 01639 339909,"https://media.onthemarket.com/properties/15317684/1500357694/image-0-480x320.jpg,https://media.onthemarket.com/properties/15317684/1500357694/image-0-480x320.jpg,https://media.onthemarket.com/properties/15317684/1500357694/image-1-480x320.jpg,https://media.onthemarket.com/properties/15317684/1500357694/image-2-480x320.jpg,https://media.onthemarket.com/properties/15317684/1500357694/image-3-480x320.jpg,https://media.onthemarket.com/properties/15317684/1500357694/image-4-480x320.jpg"
3 bedroom detached house for sale,"Parc Tyddyn Bach, Holyhead","Detached 3 bedroom House,Sea View from Bedroom 1 & 2,Lovely Kitchen / Diner,Enclosed Rear Garden & Off Road Parking","265,000", 01407 494962,"https://media.onthemarket.com/properties/15317640/1500357257/image-0-480x320.jpg,https://media.onthemarket.com/properties/15317640/1500357257/image-0-480x320.jpg,https://media.onthemarket.com/properties/15317640/1500357257/image-1-480x320.jpg,https://media.onthemarket.com/properties/15317640/1500357257/image-2-480x320.jpg,https://media.onthemarket.com/properties/15317640/1500357257/image-3-480x320.jpg,https://media.onthemarket.com/properties/15317640/1500357257/image-4-480x320.jpg"
3 bedroom terraced house for sale,"Linton Road, Great Barr, Birmingham B43 7JA","THREE BEDROOM,MID TERRACE,NO UPWARD CHAIN,WELL MAINTAINED REQUIRES SMALL DEGREE MODERNISATION","225,000", 0121 659 7964,"https://media.onthemarket.com/properties/15317636/1500357100/image-0-480x320.jpg,https://media.onthemarket.com/properties/15317636/1500357100/image-0-480x320.jpg,https://media.onthemarket.com/properties/15317636/1500357100/image-1-480x320.jpg,https://media.onthemarket.com/properties/15317636/1500357100/image-2-480x320.jpg,https://media.onthemarket.com/properties/15317636/1500357100/image-3-480x320.jpg,https://media.onthemarket.com/properties/15317636/1500357100/image-4-480x320.jpg"
3 bedroom semi-detached house for sale,"Lorimer Way, Great Barr, Birmingham B43 7LS","THREE BED SEMI DETACHED,IMMACULATEY KEPT MODERNISING REQUIRED,EXTENDED KITCHEN,SPACIOUS BEDROOMS","270,000", 0121 659 7964,"https://media.onthemarket.com/properties/15317634/1500357097/image-0-480x320.jpg,https://media.onthemarket.com/properties/15317634/1500357097/image-0-480x320.jpg,https://media.onthemarket.com/properties/15317634/1500357097/image-1-480x320.jpg,https://media.onthemarket.com/properties/15317634/1500357097/image-2-480x320.jpg,https://media.onthemarket.com/properties/15317634/1500357097/image-3-480x320.jpg,https://media.onthemarket.com/properties/15317634/1500357097/image-4-480x320.jpg"
2 bedroom end of terrace house for sale,"Melbourne Terrace, Bradville","Tenure: Freehold,End Of Terrace,Two Bedrooms,Extended","270,000", 01908 942625,"https://media.onthemarket.com/properties/15322206/1500466197/image-0-480x320.jpg,https://media.onthemarket.com/properties/15322206/1500466197/image-0-480x320.jpg,https://media.onthemarket.com/properties/15322206/1500466197/image-1-480x320.jpg,https://media.onthemarket.com/properties/15322206/1500466197/image-2-480x320.jpg,https://media.onthemarket.com/properties/15322206/1500466197/image-3-480x320.jpg,https://media.onthemarket.com/properties/15322206/1500466197/image-4-480x320.jpg"
3 bedroom terraced house for sale,"Ladyshot, Harlow","Tenure: Freehold,Three Bedrooms,Middle Terrace,Chain Free","325,000", 01279 799580,"https://media.onthemarket.com/properties/15322169/1500465172/image-0-480x320.jpg,https://media.onthemarket.com/properties/15322169/1500465172/image-0-480x320.jpg,https://media.onthemarket.com/properties/15322169/1500465172/image-1-480x320.jpg,https://media.onthemarket.com/properties/15322169/1500465172/image-2-480x320.jpg,https://media.onthemarket.com/properties/15322169/1500465172/image-3-480x320.jpg,https://media.onthemarket.com/properties/15322169/1500465172/image-4-480x320.jpg"
2 bedroom flat for sale,"Coast Road, North Shields, North Tyneside","Tenure: Leasehold (960 years remaining),Two bed ground floor flat,Modern kitchen,Modern shower room","114,950", 0191 686 0239,"https://media.onthemarket.com/properties/15322165/1500465131/image-0-480x320.jpg,https://media.onthemarket.com/properties/15322165/1500465131/image-0-480x320.jpg,https://media.onthemarket.com/properties/15322165/1500465131/image-1-480x320.jpg,https://media.onthemarket.com/properties/15322165/1500465131/image-2-480x320.jpg,https://media.onthemarket.com/properties/15322165/1500465131/image-3-480x320.jpg,https://media.onthemarket.com/properties/15322165/1500465131/image-4-480x320.jpg"
3 bedroom terraced house for sale,"Pontefract Road, Wombwell","Tenure: Freehold,Stone Built Mid-Terraced Cottage,Three Bedrooms,Modern Throughout","170,000", 01226 417792,"https://media.onthemarket.com/properties/15321935/1500460854/image-0-480x320.jpg,https://media.onthemarket.com/properties/15321935/1500460854/image-0-480x320.jpg,https://media.onthemarket.com/properties/15321935/1500460854/image-1-480x320.jpg,https://media.onthemarket.com/properties/15321935/1500460854/image-2-480x320.jpg,https://media.onthemarket.com/properties/15321935/1500460854/image-3-480x320.jpg,https://media.onthemarket.com/properties/15321935/1500460854/image-4-480x320.jpg"
3 bedroom end of terrace house for sale,"Teign Drive, Witham","Tenure: Freehold,End Of Chain,End Of Terrace,Open Plan Living","300,000", 01376 409858,"https://media.onthemarket.com/properties/15321834/1500459610/image-0-480x320.jpg,https://media.onthemarket.com/properties/15321834/1500459610/image-0-480x320.jpg,https://media.onthemarket.com/properties/15321834/1500459610/image-1-480x320.jpg,https://media.onthemarket.com/properties/15321834/1500459610/image-2-480x320.jpg,https://media.onthemarket.com/properties/15321834/1500459610/image-3-480x320.jpg,https://media.onthemarket.com/properties/15321834/1500459610/image-4-480x320.jpg"
4 bedroom detached bungalow for sale,"Main Road, Westerham Hill","Tenure: Freehold,FOUR BEDROOMS,DETACHED,ALL ON ONE LEVEL","650,000", 01959 458966,"https://media.onthemarket.com/properties/15320804/1500443507/image-0-480x320.jpg,https://media.onthemarket.com/properties/15320804/1500443507/image-0-480x320.jpg,https://media.onthemarket.com/properties/15320804/1500443507/image-1-480x320.jpg,https://media.onthemarket.com/properties/15320804/1500443507/image-2-480x320.jpg,https://media.onthemarket.com/properties/15320804/1500443507/image-3-480x320.jpg,https://media.onthemarket.com/properties/15320804/1500443507/image-4-480x320.jpg"
4 bedroom semi-detached house for sale,"Bathurst Road, Folkestone, Kent, CT20","Tenure: Freehold,Appealing West End location,Short walk to train station,No onward chain","795,000", 01233 238793,"https://media.onthemarket.com/properties/15308594/1500253496/image-0-480x320.jpg,https://media.onthemarket.com/properties/15308594/1500253496/image-0-480x320.jpg,https://media.onthemarket.com/properties/15308594/1500253496/image-1-480x320.jpg,https://media.onthemarket.com/properties/15308594/1500253496/image-2-480x320.jpg,https://media.onthemarket.com/properties/15308594/1500253496/image-3-480x320.jpg,https://media.onthemarket.com/properties/15308594/1500253496/image-4-480x320.jpg"
3 bedroom bungalow for sale,"Rosemoor Road, Torrington, Devon, EX38","Tenure: Freehold,3 bedrooms (all with cupboards),Updated shower room,Sitting/dining room","350,000", 01805 447990,"https://media.onthemarket.com/properties/15307133/1500207194/image-0-480x320.jpg,https://media.onthemarket.com/properties/15307133/1500207194/image-0-480x320.jpg,https://media.onthemarket.com/properties/15307133/1500207194/image-1-480x320.jpg,https://media.onthemarket.com/properties/15307133/1500207194/image-2-480x320.jpg,https://media.onthemarket.com/properties/15307133/1500207194/image-3-480x320.jpg,https://media.onthemarket.com/properties/15307133/1500207194/image-4-480x320.jpg"
4 bedroom detached house for sale,"Mansion House Close, Biddenden, Ashford, TN27","Tenure: Freehold,Open plan kitchen/diner,Popular village location,Four bedrooms","650,000", 01580 468937,"https://media.onthemarket.com/properties/10844705/1500192897/image-0-480x320.jpg,https://media.onthemarket.com/properties/10844705/1500192897/image-0-480x320.jpg,https://media.onthemarket.com/properties/10844705/1500192897/image-1-480x320.jpg,https://media.onthemarket.com/properties/10844705/1500192897/image-2-480x320.jpg,https://media.onthemarket.com/properties/10844705/1500192897/image-3-480x320.jpg,https://media.onthemarket.com/properties/10844705/1500192897/image-4-480x320.jpg"
3 bedroom detached house for sale,"Donkey Street, Burmarsh, Romney Marsh, Kent, TN29","Tenure: Freehold,Former farm set in a lovely location.,2 popular holiday cottages.,Grazing paddocks.","995,000", 01233 238793,"https://media.onthemarket.com/properties/15306673/1500192871/image-0-480x320.jpg,https://media.onthemarket.com/properties/15306673/1500192871/image-0-480x320.jpg,https://media.onthemarket.com/properties/15306673/1500192871/image-1-480x320.jpg,https://media.onthemarket.com/properties/15306673/1500192871/image-2-480x320.jpg,https://media.onthemarket.com/properties/15306673/1500192871/image-3-480x320.jpg,https://media.onthemarket.com/properties/15306673/1500192871/image-4-480x320.jpg"
4 bedroom detached house for sale,"Todhills, Blackford CA6","Tenure: Freehold,1,926 sq ft floor area,Nearest school 0.9mi.","249,500", 01697 551990,"https://media.onthemarket.com/properties/15306110/1500185918/image-0-480x320.jpg,https://media.onthemarket.com/properties/15306110/1500185918/image-0-480x320.jpg,https://media.onthemarket.com/properties/15306110/1500185918/image-1-480x320.jpg,https://media.onthemarket.com/properties/15306110/1500185918/image-2-480x320.jpg,https://media.onthemarket.com/properties/15306110/1500185918/image-3-480x320.jpg,https://media.onthemarket.com/properties/15306110/1500185918/image-4-480x320.jpg"
3 bedroom terraced house for sale,"WOMBOURNE, Jenks Road","914 sq ft floor area,Nearest school 0.2mi.","274,950", 01902 596717,"https://media.onthemarket.com/properties/15306342/1500184082/image-0-480x320.jpg,https://media.onthemarket.com/properties/15306342/1500184082/image-0-480x320.jpg,https://media.onthemarket.com/properties/15306342/1500184082/image-1-480x320.jpg,https://media.onthemarket.com/properties/15306342/1500184082/image-2-480x320.jpg,https://media.onthemarket.com/properties/15306342/1500184082/image-3-480x320.jpg,https://media.onthemarket.com/properties/15306342/1500184082/image-4-480x320.jpg"
3 bedroom terraced house for sale,"Hayling Road, South Oxhey","Tenure: Freehold,3 BEDROOM,BRICK BUILT TERRACE HOUSE,LOUNGE","450,000", 020 8022 6635,"https://media.onthemarket.com/properties/15305449/1500171556/image-0-480x320.jpg,https://media.onthemarket.com/properties/15305449/1500171556/image-0-480x320.jpg,https://media.onthemarket.com/properties/15305449/1500171556/image-1-480x320.jpg,https://media.onthemarket.com/properties/15305449/1500171556/image-2-480x320.jpg,https://media.onthemarket.com/properties/15305449/1500171556/image-3-480x320.jpg,https://media.onthemarket.com/properties/15305449/1500171556/image-4-480x320.jpg"
1 bedroom apartment for sale,"at L1 Central Apartments, 92 Duke Street L1","Tenure: Leasehold,Call Now to Receive a Floor Plan and Info Pack","200,000", 0151 382 8427,"https://media.onthemarket.com/properties/15322245/1500466803/image-0-480x320.jpg,https://media.onthemarket.com/properties/15322245/1500466803/image-0-480x320.jpg,https://media.onthemarket.com/properties/15322245/1500466803/image-1-480x320.jpg,https://media.onthemarket.com/properties/15322245/1500466803/image-2-480x320.jpg,https://media.onthemarket.com/properties/15322245/1500466803/image-3-480x320.jpg,https://media.onthemarket.com/properties/15322245/1500466803/image-4-480x320.jpg"
1 bedroom apartment for sale,"at Liverpool Buy To Let Flats, George’s Dock Gates L2","Tenure: Leasehold,Call Now to Receive a Floor Plan and Info Pack","150,000", 0151 382 2329,"https://media.onthemarket.com/properties/15322241/1500466768/image-0-480x320.jpg,https://media.onthemarket.com/properties/15322241/1500466768/image-0-480x320.jpg,https://media.onthemarket.com/properties/15322241/1500466768/image-1-480x320.jpg,https://media.onthemarket.com/properties/15322241/1500466768/image-2-480x320.jpg,https://media.onthemarket.com/properties/15322241/1500466768/image-3-480x320.jpg,https://media.onthemarket.com/properties/15322241/1500466768/image-4-480x320.jpg"
1 bedroom apartment for sale,"at Liverpool Buy To Let Flats, George’s Dock Gates L2","Tenure: Leasehold,Call Now to Receive a Floor Plan and Info Pack","124,995", 0151 382 2329,"https://media.onthemarket.com/properties/15322239/1500466758/image-0-480x320.jpg,https://media.onthemarket.com/properties/15322239/1500466758/image-0-480x320.jpg,https://media.onthemarket.com/properties/15322239/1500466758/image-1-480x320.jpg,https://media.onthemarket.com/properties/15322239/1500466758/image-2-480x320.jpg,https://media.onthemarket.com/properties/15322239/1500466758/image-3-480x320.jpg,https://media.onthemarket.com/properties/15322239/1500466758/image-4-480x320.jpg"
3 bedroom end of terrace house for sale,"Stubbs Gardens (Plot 20), Alexandra Road, Great Wakering, Essex, SS3","Tenure: Freehold,BRAND NEW THREE BEDROOM END OF TERRACE FAMILY HOME","399,000", 01702 787699,"https://media.onthemarket.com/properties/15322236/1500466737/image-0-480x320.jpg,https://media.onthemarket.com/properties/15322236/1500466737/image-0-480x320.jpg,https://media.onthemarket.com/properties/15322236/1500466737/image-1-480x320.jpg,https://media.onthemarket.com/properties/15322236/1500466737/image-2-480x320.jpg,https://media.onthemarket.com/properties/15322236/1500466737/image-3-480x320.jpg,https://media.onthemarket.com/properties/15322236/1500466737/image-4-480x320.jpg"
2 bedroom flat for sale,"Hertford Road, London","Tenure: Share of freehold (960 years remaining),764 sq ft floor area","270,000", 020 8115 1340,"https://media.onthemarket.com/properties/15322233/1500466713/image-0-480x320.jpg,https://media.onthemarket.com/properties/15322233/1500466713/image-0-480x320.jpg,https://media.onthemarket.com/properties/15322233/1500466713/image-1-480x320.jpg,https://media.onthemarket.com/properties/15322233/1500466713/image-2-480x320.jpg,https://media.onthemarket.com/properties/15322233/1500466713/image-3-480x320.jpg,https://media.onthemarket.com/properties/15322233/1500466713/image-4-480x320.jpg"
2 bedroom apartment for sale,"at Liverpool City Apartment, Old Hall Street L3","Tenure: Leasehold,Call Now to Receive a Floor Plan and Info Pack","210,000", 0151 382 3136,"https://media.onthemarket.com/properties/15322232/1500466687/image-0-480x320.jpg,https://media.onthemarket.com/properties/15322232/1500466687/image-0-480x320.jpg,https://media.onthemarket.com/properties/15322232/1500466687/image-1-480x320.jpg,https://media.onthemarket.com/properties/15322232/1500466687/image-2-480x320.jpg,https://media.onthemarket.com/properties/15322232/1500466687/image-3-480x320.jpg,https://media.onthemarket.com/properties/15322232/1500466687/image-4-480x320.jpg"
1 bedroom apartment for sale,"at Liverpool Views Apartment, Rose Place L3","Tenure: Leasehold,Call Now to Receive a Floor Plan and Info Pack","110,000", 0151 382 5871,"https://media.onthemarket.com/properties/15322230/1500466596/image-0-480x320.jpg,https://media.onthemarket.com/properties/15322230/1500466596/image-0-480x320.jpg,https://media.onthemarket.com/properties/15322230/1500466596/image-1-480x320.jpg,https://media.onthemarket.com/properties/15322230/1500466596/image-2-480x320.jpg,https://media.onthemarket.com/properties/15322230/1500466596/image-3-480x320.jpg,https://media.onthemarket.com/properties/15322230/1500466596/image-4-480x320.jpg"
2 bedroom end of terrace house for sale,"Edward Street, Rusthall, Tunbridge Wells","Tenure: Freehold,End of Terrace,Project Property,2 Bedrooms","285,000", 01892 310740,"https://media.onthemarket.com/properties/15316285/1500340931/image-0-480x320.jpg,https://media.onthemarket.com/properties/15316285/1500340931/image-0-480x320.jpg,https://media.onthemarket.com/properties/15316285/1500340931/image-1-480x320.jpg,https://media.onthemarket.com/properties/15316285/1500340931/image-2-480x320.jpg,https://media.onthemarket.com/properties/15316285/1500340931/image-3-480x320.jpg,https://media.onthemarket.com/properties/15316285/1500340931/image-4-480x320.jpg"
3 bedroom semi-detached house for sale,"The Marsh, Longbridge Deverill, Longbridge Deverill, BA12","Tenure: Freehold,Semi Detached,Kitchen/family room,Lounge with woodburner","340,000", 01985 206963,"https://media.onthemarket.com/properties/15316062/1500338852/image-0-480x320.jpg,https://media.onthemarket.com/properties/15316062/1500338852/image-0-480x320.jpg,https://media.onthemarket.com/properties/15316062/1500338852/image-1-480x320.jpg,https://media.onthemarket.com/properties/15316062/1500338852/image-2-480x320.jpg,https://media.onthemarket.com/properties/15316062/1500338852/image-3-480x320.jpg,https://media.onthemarket.com/properties/15316062/1500338852/image-4-480x320.jpg"
3 bedroom semi-detached house for sale,"Ormesby Road, Caister-on-Sea","Tenure: Freehold,Driveway,West Facing Garden,Ground Floor WC","210,000", 01493 288941,"https://media.onthemarket.com/properties/15316061/1500338846/image-0-480x320.jpg,https://media.onthemarket.com/properties/15316061/1500338846/image-0-480x320.jpg,https://media.onthemarket.com/properties/15316061/1500338846/image-1-480x320.jpg,https://media.onthemarket.com/properties/15316061/1500338846/image-2-480x320.jpg,https://media.onthemarket.com/properties/15316061/1500338846/image-3-480x320.jpg,https://media.onthemarket.com/properties/15316061/1500338846/image-4-480x320.jpg"
2 bedroom apartment for sale,"Goldsmiths House, The Nurseries, Leyburn, North Yorkshire, DL8","Tenure: Leasehold,Well Presented Ground Floor Apartment In Popular Location,5 Minutes From Town Centre,2 Double Bedrooms","195,000", 01969 738985,"https://media.onthemarket.com/properties/15316050/1500338796/image-0-480x320.jpg,https://media.onthemarket.com/properties/15316050/1500338796/image-0-480x320.jpg,https://media.onthemarket.com/properties/15316050/1500338796/image-1-480x320.jpg,https://media.onthemarket.com/properties/15316050/1500338796/image-2-480x320.jpg,https://media.onthemarket.com/properties/15316050/1500338796/image-3-480x320.jpg,https://media.onthemarket.com/properties/15316050/1500338796/image-4-480x320.jpg"
4 bedroom detached house for sale,"Holford, Bridgwater, Somerset, TA5","Tenure: Freehold,Detached,Private Parking,Close Proximity to The Quantock Hills","360,000", 01984 561990,"https://media.onthemarket.com/properties/15316046/1500338786/image-0-480x320.jpg,https://media.onthemarket.com/properties/15316046/1500338786/image-0-480x320.jpg,https://media.onthemarket.com/properties/15316046/1500338786/image-1-480x320.jpg,https://media.onthemarket.com/properties/15316046/1500338786/image-2-480x320.jpg,https://media.onthemarket.com/properties/15316046/1500338786/image-3-480x320.jpg,https://media.onthemarket.com/properties/15316046/1500338786/image-4-480x320.jpg"
4 bedroom detached house for sale,"Countryside Way, Rotherham","Tenure: Freehold,Four bedrooms,Detached house,Finished to an excellent standard","340,000", 01709 619794,"https://media.onthemarket.com/properties/15315650/1500335819/image-0-480x320.jpg,https://media.onthemarket.com/properties/15315650/1500335819/image-0-480x320.jpg,https://media.onthemarket.com/properties/15315650/1500335819/image-1-480x320.jpg,https://media.onthemarket.com/properties/15315650/1500335819/image-2-480x320.jpg,https://media.onthemarket.com/properties/15315650/1500346206/image-3-480x320.jpg,https://media.onthemarket.com/properties/15315650/1500335819/image-4-480x320.jpg"
3 bedroom terraced house for sale,Stoke-On-Trent ST1 5,"Tenure: Freehold,*NOT INSPECTED BY AUCTIONEER*,TENANTS IN SITU,MID TERRACED PROPERTY","62,000", 01782 966801,"https://media.onthemarket.com/properties/15315601/1500341647/image-0-480x320.jpg,https://media.onthemarket.com/properties/15315601/1500341647/image-0-480x320.jpg,https://media.onthemarket.com/properties/15315601/1500341647/image-1-480x320.jpg,https://media.onthemarket.com/properties/15315601/1500341647/image-2-480x320.jpg,https://media.onthemarket.com/properties/15315601/1500341647/image-3-480x320.jpg,https://media.onthemarket.com/properties/15315601/1500341647/image-4-480x320.jpg"
2 bedroom semi-detached house for sale,"St Stephen, Near St. Austell","Two bedrooms,Open plan kitchen/living room,Bathroom with white suite,Parking","189,000", 01872 395947,"https://media.onthemarket.com/properties/12596592/1498931702/image-0-480x320.jpg,https://media.onthemarket.com/properties/12596592/1498931702/image-0-480x320.jpg,https://media.onthemarket.com/properties/12596592/1498931702/image-1-480x320.jpg,https://media.onthemarket.com/properties/12596592/1498931702/image-2-480x320.jpg,https://media.onthemarket.com/properties/12596592/1498931702/image-3-480x320.jpg,https://media.onthemarket.com/properties/12596592/1498931702/image-4-480x320.jpg"
3 bedroom semi-detached house for sale,"Whitehouse Avenue, Wednesbury","SEMI DETACHED FAMILY HOME,THREE GOOD SIZED BEDROOMS,SPACIOUS THROUGH LOUNGE,HIGHLY DEMANDED LOCATION","240,000", 01206 915966,"https://media.onthemarket.com/properties/15317622/1500356937/image-0-480x320.jpg,https://media.onthemarket.com/properties/15317622/1500356937/image-0-480x320.jpg,https://media.onthemarket.com/properties/15317622/1500356937/image-1-480x320.jpg,https://media.onthemarket.com/properties/15317622/1500356937/image-2-480x320.jpg,https://media.onthemarket.com/properties/15317622/1500356937/image-3-480x320.jpg,https://media.onthemarket.com/properties/15317622/1500356937/image-4-480x320.jpg"
2 bedroom apartment for sale,"Ley Road, Bognor Regis","727 sq ft floor area,Nearest station 1.4mi.,Nearest school 0.5mi.","259,950", 01243 273813,"https://media.onthemarket.com/properties/15317587/1500356655/image-0-480x320.jpg,https://media.onthemarket.com/properties/15317587/1500356655/image-0-480x320.jpg,https://media.onthemarket.com/properties/15317587/1500356655/image-1-480x320.jpg,https://media.onthemarket.com/properties/15317587/1500356655/image-2-480x320.jpg,https://media.onthemarket.com/properties/15317587/1500356655/image-3-480x320.jpg,https://media.onthemarket.com/properties/15317587/1500356655/image-4-480x320.jpg"
1 bedroom flat for sale,"Crowden Way, North Thamesmead","2nd Floor Flat,Cash Buyers Only,One Double Bedroom,Garage","140,000", 020 8022 7096,"https://media.onthemarket.com/properties/15317555/1500356091/image-0-480x320.jpg,https://media.onthemarket.com/properties/15317555/1500356091/image-0-480x320.jpg,https://media.onthemarket.com/properties/15317555/1500356091/image-1-480x320.jpg,https://media.onthemarket.com/properties/15317555/1500356091/image-2-480x320.jpg,https://media.onthemarket.com/properties/15317555/1500356091/image-3-480x320.jpg,https://media.onthemarket.com/properties/15317555/1500356091/image-4-480x320.jpg"
2 bedroom detached bungalow for sale,"Denton Road, Burton-on-Trent","Semi-Detached Family Home,Internal Garage & Driveway for off road parking,Popular location, close to Burton Hospital,Generous sized rear garden","210,000", 01283 328815,"https://media.onthemarket.com/properties/15317547/1500355970/image-0-480x320.jpg,https://media.onthemarket.com/properties/15317547/1500355970/image-0-480x320.jpg,https://media.onthemarket.com/properties/15317547/1500355970/image-1-480x320.jpg,https://media.onthemarket.com/properties/15317547/1500355970/image-2-480x320.jpg,https://media.onthemarket.com/properties/15317547/1500355970/image-3-480x320.jpg,https://media.onthemarket.com/properties/15317547/1500355970/image-4-480x320.jpg"
3 bedroom semi-detached house for sale,"The Grove, Biggin Hill","Tenure: Freehold,THREE BEDROOMS,SEMI DETACHED,OFF STREET PARKING","450,000", 01959 458966,"https://media.onthemarket.com/properties/15320779/1500442973/image-0-480x320.jpg,https://media.onthemarket.com/properties/15320779/1500442973/image-0-480x320.jpg,https://media.onthemarket.com/properties/15320779/1500442973/image-1-480x320.jpg,https://media.onthemarket.com/properties/15320779/1500442973/image-2-480x320.jpg,https://media.onthemarket.com/properties/15320779/1500442973/image-3-480x320.jpg,https://media.onthemarket.com/properties/15320779/1500442973/image-4-480x320.jpg"
4 bedroom detached house for sale,"Langton House, Slawston, Market Harborough","Generous plot with mature front & rear gardens,Detached village home,Entrance Hall & WC,Dining room & Sitting room","700,000", 01858 513926,"https://media.onthemarket.com/properties/15320214/1500406731/image-0-480x320.jpg,https://media.onthemarket.com/properties/15320214/1500406731/image-0-480x320.jpg,https://media.onthemarket.com/properties/15320214/1500406731/image-1-480x320.jpg,https://media.onthemarket.com/properties/15320214/1500406731/image-2-480x320.jpg,https://media.onthemarket.com/properties/15320214/1500406731/image-3-480x320.jpg,https://media.onthemarket.com/properties/15320214/1500406731/image-4-480x320.jpg"
3 bedroom semi-detached house for sale,"Hull Bridge Road, Beverley","Prime location,Close to town centre and Westwood,Three bedroom semi,Approx 920 square feet","299,950", 01482 763945,"https://media.onthemarket.com/properties/15320185/1500405888/image-0-480x320.jpg,https://media.onthemarket.com/properties/15320185/1500405888/image-0-480x320.jpg,https://media.onthemarket.com/properties/15320185/1500405888/image-1-480x320.jpg,https://media.onthemarket.com/properties/15320185/1500405888/image-2-480x320.jpg,https://media.onthemarket.com/properties/15320185/1500405888/image-3-480x320.jpg,https://media.onthemarket.com/properties/15320185/1500405888/image-4-480x320.jpg"
2 bedroom flat for sale,"Catherine Wheel Road, Brentford TW8","Tenure: Leasehold,Brushed Brass Finish Bathroom: Adds an elegant touch to the apartment.,Parking Available (Subject to Availability): Convenient for residents with vehicles.,Concierge and Lift Access: Ensures ease of living.","652,000", 020 3641 3807,"https://media.onthemarket.com/properties/15320003/1500402924/image-0-480x320.jpg,https://media.onthemarket.com/properties/15320003/1500402924/image-0-480x320.jpg,https://media.onthemarket.com/properties/15320003/1500402924/image-1-480x320.jpg,https://media.onthemarket.com/properties/15320003/1500402924/image-2-480x320.jpg,https://media.onthemarket.com/properties/15320003/1500402924/image-3-480x320.jpeg,https://media.onthemarket.com/properties/15320003/1500402924/image-4-480x320.jpg"
4 bedroom semi-detached house for sale,"Kinfauns Road, London SW2","Tenure: Freehold,Large Reception room,Spacious 4 bedroom house,Delightful Private Garden","670,000", 020 3641 3807,"https://media.onthemarket.com/properties/15320000/1500402835/image-0-480x320.jpg,https://media.onthemarket.com/properties/15320000/1500402835/image-0-480x320.jpg,https://media.onthemarket.com/properties/15320000/1500402835/image-1-480x320.jpg,https://media.onthemarket.com/properties/15320000/1500402835/image-2-480x320.jpg,https://media.onthemarket.com/properties/15320000/1500402835/image-3-480x320.jpg,https://media.onthemarket.com/properties/15320000/1500402835/image-4-480x320.jpg"
3 bedroom apartment for sale,"Coleridge Road, Croydon CR0","Tenure: Leasehold,Balcony,Central heating,Double glazing","42,995", 020 3641 3807,"https://media.onthemarket.com/properties/15319999/1500402818/image-0-480x320.jpg,https://media.onthemarket.com/properties/15319999/1500402818/image-0-480x320.jpg,https://media.onthemarket.com/properties/15319999/1500402818/image-1-480x320.jpg,https://media.onthemarket.com/properties/15319999/1500402818/image-2-480x320.jpg,https://media.onthemarket.com/properties/15319999/1500402818/image-3-480x320.jpg,https://media.onthemarket.com/properties/15319999/1500402818/image-4-480x320.jpg"
3 bedroom terraced house for sale,"Jersey Terrace, Port Tennant, Swansea","Mid Terrace Property,Three Bedrooms,Utility Room,First Floor Bathroom","160,000", 01792 925787,"https://media.onthemarket.com/properties/15319888/1500400987/image-0-480x320.jpg,https://media.onthemarket.com/properties/15319888/1500400987/image-0-480x320.jpg,https://media.onthemarket.com/properties/15319888/1500400987/image-1-480x320.jpg,https://media.onthemarket.com/properties/15319888/1500400987/image-2-480x320.jpg,https://media.onthemarket.com/properties/15319888/1500400987/image-3-480x320.jpg,https://media.onthemarket.com/properties/15319888/1500400987/image-4-480x320.jpg"
3 bedroom house for sale,3 Bedroom Semi-Detached House – Cheadle,"Tenure: Freehold,Ref; AAH03_Sales,Great residential area,Excellent transport links","360,000", 0161 506 8624,"https://media.onthemarket.com/properties/15305096/1500168675/image-0-480x320.jpg,https://media.onthemarket.com/properties/15305096/1500168675/image-0-480x320.jpg,https://media.onthemarket.com/properties/15305096/1500168675/image-1-480x320.jpg,https://media.onthemarket.com/properties/15305096/1500168675/image-2-480x320.jpg,https://media.onthemarket.com/properties/15305096/1500168675/image-3-480x320.jpg,https://media.onthemarket.com/properties/15305096/1500168675/image-4-480x320.jpg"
2 bedroom flat for sale,"Highgate High Street,  London,  N6,  N6","Tenure: Leasehold (126 years remaining),Leasehold Term 150 years from 10/06/2000,Two bedroom apartment,Duplex apartment","800,000", 020 3641 9384,"https://media.onthemarket.com/properties/15305003/1500167949/image-0-480x320.jpg,https://media.onthemarket.com/properties/15305003/1500167949/image-0-480x320.jpg,https://media.onthemarket.com/properties/15305003/1500167949/epc-graph-0-480x320.jpg"
2 bedroom terraced house for sale,"Mason Street, Horwich, Bolton","Tenure: Leasehold,1,033 sq ft floor area,Nearest station 0.8mi.,Nearest school 0.2mi.","90,000", 01204 317679,"https://media.onthemarket.com/properties/15303868/1500156937/image-0-480x320.jpg,https://media.onthemarket.com/properties/15303868/1500156937/image-0-480x320.jpg,https://media.onthemarket.com/properties/15303868/1500156937/image-1-480x320.jpg,https://media.onthemarket.com/properties/15303868/1500156937/image-2-480x320.jpg,https://media.onthemarket.com/properties/15303868/1500156937/image-3-480x320.jpg,https://media.onthemarket.com/properties/15303868/1500156937/image-4-480x320.jpg"
2 bedroom detached bungalow for sale,"Hudson Crescent, Leigh-on-Sea SS9","Tenure: Freehold,No Onward Chain,Double Glazed,Spacious","440,000", 01702 787620,"https://media.onthemarket.com/properties/15290314/1500096926/image-0-480x320.jpg,https://media.onthemarket.com/properties/15290314/1500096926/image-0-480x320.jpg,https://media.onthemarket.com/properties/15290314/1500096926/image-1-480x320.jpg,https://media.onthemarket.com/properties/15290314/1500096926/image-2-480x320.jpg,https://media.onthemarket.com/properties/15290314/1500096926/image-3-480x320.jpg,https://media.onthemarket.com/properties/15290314/1500096926/image-4-480x320.jpg"
Land for sale,"Croydon Barn Lane, Horne, Surrey","54.70 acre(s) of land,Nearest station 2.7mi.,Nearest school 1.9mi.","750,000", 01483 665893,"https://media.onthemarket.com/properties/15303591/1500154999/image-0-480x320.jpg,https://media.onthemarket.com/properties/15303591/1500154999/image-0-480x320.jpg,https://media.onthemarket.com/properties/15303591/1500154999/image-1-480x320.jpg,https://media.onthemarket.com/properties/15303591/1500154999/image-2-480x320.jpg,https://media.onthemarket.com/properties/15303591/1500154999/image-3-480x320.jpg"
2 bedroom end of terrace house for sale,Ponder End,"Tenure: Freehold,Garden,Open Plan Lounge,Full Double Glazing","385,000", 020 3641 9511,"https://media.onthemarket.com/properties/15303554/1500154817/image-0-480x320.jpg,https://media.onthemarket.com/properties/15303554/1500154817/image-0-480x320.jpg,https://media.onthemarket.com/properties/15303554/1500154817/image-1-480x320.jpg,https://media.onthemarket.com/properties/15303554/1500154817/image-2-480x320.jpg,https://media.onthemarket.com/properties/15303554/1500154817/image-3-480x320.jpg,https://media.onthemarket.com/properties/15303554/1500154817/image-4-480x320.jpg"
2 bedroom flat for sale,"Feltham,  Middlesex,  TW13","Tenure: Leasehold (111 years remaining),Leasehold Term 125 years from 01/01/2010,2 bedroom,Large reception room","220,000", 01932 379366,"https://media.onthemarket.com/properties/15302777/1500148690/image-0-480x320.jpg,https://media.onthemarket.com/properties/15302777/1500148690/image-0-480x320.jpg,https://media.onthemarket.com/properties/15302777/1500148690/epc-graph-0-480x320.jpg"
2 bedroom flat for sale,"Scotland Street, Edinburgh EH3","Tenure: Freehold,Nearest station 0.3mi.","700,000", 0131 268 2595,"https://media.onthemarket.com/properties/15322227/1500466551/image-0-480x320.jpg,https://media.onthemarket.com/properties/15322227/1500466551/image-0-480x320.jpg,https://media.onthemarket.com/properties/15322227/1500466551/image-1-480x320.jpg,https://media.onthemarket.com/properties/15322227/1500466551/image-2-480x320.jpg,https://media.onthemarket.com/properties/15322227/1500466551/image-3-480x320.jpg,https://media.onthemarket.com/properties/15322227/1500466551/image-4-480x320.jpg"
2 bedroom apartment for sale,"at Angel Street Apartments, Adelphi Street M4","Tenure: Leasehold,Completed 1 and 2-Bed Apartments ","324,995", 0161 506 1466,"https://media.onthemarket.com/properties/15322226/1500466496/image-0-480x320.jpg,https://media.onthemarket.com/properties/15322226/1500466496/image-0-480x320.jpg,https://media.onthemarket.com/properties/15322226/1500466496/image-1-480x320.jpg,https://media.onthemarket.com/properties/15322226/1500466496/image-2-480x320.jpg,https://media.onthemarket.com/properties/15322226/1500466496/image-3-480x320.jpg,https://media.onthemarket.com/properties/15322226/1500466496/image-4-480x320.jpg"
1 bedroom apartment for sale,"at Poet's Place, Great Homer Street L5","Tenure: Leasehold,Call Today to Receive a Floor Plan","120,000", 0151 382 2991,"https://media.onthemarket.com/properties/15322225/1500466486/image-0-480x320.jpg,https://media.onthemarket.com/properties/15322225/1500466486/image-0-480x320.jpg,https://media.onthemarket.com/properties/15322225/1500466486/image-1-480x320.jpg,https://media.onthemarket.com/properties/15322225/1500466486/image-2-480x320.jpg,https://media.onthemarket.com/properties/15322225/1500466486/image-3-480x320.jpg,https://media.onthemarket.com/properties/15322225/1500466486/image-4-480x320.jpg"
2 bedroom terraced house for sale,"Willow Vale, Frome, BA11","Tenure: Freehold,Two bedroom","350,000", 01373 316941,"https://media.onthemarket.com/properties/15208148/1498411934/image-0-480x320.jpg,https://media.onthemarket.com/properties/15208148/1498411934/image-0-480x320.jpg,https://media.onthemarket.com/properties/15208148/1498411934/image-1-480x320.jpg,https://media.onthemarket.com/properties/15208148/1498411934/image-2-480x320.jpg,https://media.onthemarket.com/properties/15208148/1498411934/image-3-480x320.jpg,https://media.onthemarket.com/properties/15208148/1498411934/image-4-480x320.jpg"
1 bedroom apartment for sale,"at Rice Works, Liverpool Short Stay Rentals, Park Lane, L1","Tenure: Leasehold,•	Luxury Serviced Properties","220,000", 0151 382 6519,"https://media.onthemarket.com/properties/15322220/1500466398/image-0-480x320.jpg,https://media.onthemarket.com/properties/15322220/1500466398/image-0-480x320.jpg,https://media.onthemarket.com/properties/15322220/1500466398/image-1-480x320.jpg,https://media.onthemarket.com/properties/15322220/1500466398/image-2-480x320.jpg,https://media.onthemarket.com/properties/15322220/1500466398/image-3-480x320.jpg,https://media.onthemarket.com/properties/15322220/1500466398/image-4-480x320.jpg"
Studio for sale,"at Wolstenholme Square, 1 Wolstenholme Square L1","Tenure: Leasehold,Call Today to Receive a Floor Plan","120,000", 0151 382 7638,"https://media.onthemarket.com/properties/15322215/1500466356/image-0-480x320.jpg,https://media.onthemarket.com/properties/15322215/1500466356/image-0-480x320.jpg,https://media.onthemarket.com/properties/15322215/1500466356/image-1-480x320.jpg,https://media.onthemarket.com/properties/15322215/1500466356/image-2-480x320.jpg,https://media.onthemarket.com/properties/15322215/1500466356/image-3-480x320.jpg,https://media.onthemarket.com/properties/15322215/1500466356/image-4-480x320.jpg"
1 bedroom apartment for sale,"at Luton Buy To Let, Adelaide Street LU1","Tenure: Leasehold,Premium Residential Apartments","130,000", 01582 936449,"https://media.onthemarket.com/properties/15322209/1500466274/image-0-480x320.jpg,https://media.onthemarket.com/properties/15322209/1500466274/image-0-480x320.jpg,https://media.onthemarket.com/properties/15322209/1500466274/image-1-480x320.jpg,https://media.onthemarket.com/properties/15322209/1500466274/image-2-480x320.jpg,https://media.onthemarket.com/properties/15322209/1500466274/image-3-480x320.jpg,https://media.onthemarket.com/properties/15322209/1500466274/image-4-480x320.jpg"
3 bedroom semi-detached house for sale,"Dorset Way, Billericay","Tenure: Freehold,3 Bed Semi with refitted Kitchen and Bathroom, enjoying a quiet and delightful setting,0.9 mile to Billericay Railway Station (London Liverpool Street in 35 minutes),Catchment for Buttsbury Infants & Junior Schools, the Infants with an Outstanding OFSTED Report","425,000", 01277 298675,"https://media.onthemarket.com/properties/15315340/1500334110/image-0-480x320.jpg,https://media.onthemarket.com/properties/15315340/1500334110/image-0-480x320.jpg,https://media.onthemarket.com/properties/15315340/1500334110/image-1-480x320.jpg,https://media.onthemarket.com/properties/15315340/1500334110/image-2-480x320.jpg,https://media.onthemarket.com/properties/15315340/1500334110/image-3-480x320.jpg,https://media.onthemarket.com/properties/15315340/1500334110/image-4-480x320.jpg"
4 bedroom semi-detached house for sale,"Mayesbrook Road, Essex","Tenure: Freehold,Four/Five Bedrooms,Large Conservatory,Overlooking Goodmayes Recreational Park","500,000", 020 8022 6732,"https://media.onthemarket.com/properties/15315326/1500333963/image-0-480x320.jpg,https://media.onthemarket.com/properties/15315326/1500333963/image-0-480x320.jpg,https://media.onthemarket.com/properties/15315326/1500333963/image-1-480x320.jpg,https://media.onthemarket.com/properties/15315326/1500333963/image-2-480x320.jpg,https://media.onthemarket.com/properties/15315326/1500333963/image-3-480x320.jpg,https://media.onthemarket.com/properties/15315326/1500333963/image-4-480x320.jpg"
2 bedroom terraced house for sale,"Nelson Street, Stoke-On-Trent","Tenure: Freehold,Great First Time Buy or Investment!,Great Location,Two Reception Rooms","80,000", 01782 966911,"https://media.onthemarket.com/properties/15315259/1500333299/image-0-480x320.jpg,https://media.onthemarket.com/properties/15315259/1500333299/image-0-480x320.jpg,https://media.onthemarket.com/properties/15315259/1500333299/image-1-480x320.jpg,https://media.onthemarket.com/properties/15315259/1500333299/image-2-480x320.jpg,https://media.onthemarket.com/properties/15315259/1500333299/image-3-480x320.jpg,https://media.onthemarket.com/properties/15315259/1500333299/image-4-480x320.jpg"
3 bedroom semi-detached house for sale,"Woodgate Street, Stoke-On-Trent","Tenure: Freehold,Great Location,Semi Detached,Three Bedrooms","69,000", 01782 966911,"https://media.onthemarket.com/properties/15315248/1500333198/image-0-480x320.jpg,https://media.onthemarket.com/properties/15315248/1500333198/image-0-480x320.jpg,https://media.onthemarket.com/properties/15315248/1500333198/image-1-480x320.jpg,https://media.onthemarket.com/properties/15315248/1500333198/image-2-480x320.jpg,https://media.onthemarket.com/properties/15315248/1500333198/image-3-480x320.jpg,https://media.onthemarket.com/properties/15315248/1500333198/image-4-480x320.jpg"
2 bedroom detached bungalow for sale,"Kendal Drive, Rotherham","Tenure: Freehold,TWO BEDROOM DETACHED BUNGALOW,PRIVATE ENCLOSED GARDEN,SEPERATE GARAGE AND DRIVE","180,000", 01709 619798,"https://media.onthemarket.com/properties/15315241/1500333134/image-0-480x320.jpg,https://media.onthemarket.com/properties/15315241/1500333134/image-0-480x320.jpg,https://media.onthemarket.com/properties/15315241/1500333134/image-1-480x320.jpg,https://media.onthemarket.com/properties/15315241/1500333134/image-2-480x320.jpg,https://media.onthemarket.com/properties/15315241/1500333134/image-3-480x320.jpg,https://media.onthemarket.com/properties/15315241/1500333134/image-4-480x320.jpg"
2 bedroom terraced house for sale,"Riddings Street, Derby","Tenure: Freehold,Mid Terrace Family House,Two Reception Rooms,Kitchen","140,000", 01332 494591,"https://media.onthemarket.com/properties/15315022/1500345666/image-0-480x320.jpg,https://media.onthemarket.com/properties/15315022/1500345666/image-0-480x320.jpg,https://media.onthemarket.com/properties/15315022/1500345666/image-1-480x320.jpg,https://media.onthemarket.com/properties/15315022/1500345666/image-2-480x320.jpg,https://media.onthemarket.com/properties/15315022/1500343787/image-3-480x320.jpg,https://media.onthemarket.com/properties/15315022/1500345666/image-4-480x320.jpg"
2 bedroom flat for sale,"Park Place, Cheltenham, Gloucestershire, GL50","Tenure: Freehold,2 bedrooms,1 reception room,1 bathroom","675,000", 01242 354751,"https://media.onthemarket.com/properties/15314986/1500331227/image-0-480x320.jpg,https://media.onthemarket.com/properties/15314986/1500331227/image-0-480x320.jpg,https://media.onthemarket.com/properties/15314986/1500331227/image-1-480x320.jpg,https://media.onthemarket.com/properties/15314986/1500331227/image-2-480x320.jpg,https://media.onthemarket.com/properties/15314986/1500331227/image-3-480x320.jpg,https://media.onthemarket.com/properties/15314986/1500331227/image-4-480x320.jpg"
3 bedroom detached bungalow for sale,"Field Close, Burton-on-Trent","Detached bungalow with TWO driveways,Superb plot with far reaching views,Open plan kitchen/diner,Light & spacious lounge","290,000", 01283 328815,"https://media.onthemarket.com/properties/15317546/1500355967/image-0-480x320.jpg,https://media.onthemarket.com/properties/15317546/1500355967/image-0-480x320.jpg,https://media.onthemarket.com/properties/15317546/1500355967/image-1-480x320.jpg,https://media.onthemarket.com/properties/15317546/1500355967/image-2-480x320.jpg,https://media.onthemarket.com/properties/15317546/1500355967/image-3-480x320.jpg,https://media.onthemarket.com/properties/15317546/1500355967/image-4-480x320.jpg"
4 bedroom detached house for sale,"Bridgewater Road, Burton-on-Trent","Four bedroom detached,En suite to master,No onward chain,Driveway & detached garage","325,000", 01283 328815,"https://media.onthemarket.com/properties/15317545/1500355965/image-0-480x320.jpg,https://media.onthemarket.com/properties/15317545/1500355965/image-0-480x320.jpg,https://media.onthemarket.com/properties/15317545/1500355965/image-1-480x320.jpg,https://media.onthemarket.com/properties/15317545/1500355965/image-2-480x320.jpg,https://media.onthemarket.com/properties/15317545/1500355965/image-3-480x320.jpg,https://media.onthemarket.com/properties/15317545/1500355965/image-4-480x320.jpg"
4 bedroom detached house for sale,"Midway Road, Midway","Victorian home with stunning character features,Large drive & large double detached garage,Beautiful gardens,3 reception rooms","425,000", 01283 328815,"https://media.onthemarket.com/properties/15317544/1500355962/image-0-480x320.jpg,https://media.onthemarket.com/properties/15317544/1500355962/image-0-480x320.jpg,https://media.onthemarket.com/properties/15317544/1500355962/image-1-480x320.jpg,https://media.onthemarket.com/properties/15317544/1500355962/image-2-480x320.jpg,https://media.onthemarket.com/properties/15317544/1500355962/image-3-480x320.jpg,https://media.onthemarket.com/properties/15317544/1500355962/image-4-480x320.jpg"
4 bedroom terraced house for sale,"Clifton Road, Ashbourne","Character features with modern interior,Convenient location in Ashbourne centre close to amenities,Residents parking permits available,Terraced garden & summer house","350,000", 01335 671950,"https://media.onthemarket.com/properties/15317540/1500355926/image-0-480x320.jpg,https://media.onthemarket.com/properties/15317540/1500355926/image-0-480x320.jpg,https://media.onthemarket.com/properties/15317540/1500355926/image-1-480x320.jpg,https://media.onthemarket.com/properties/15317540/1500355926/image-2-480x320.jpg,https://media.onthemarket.com/properties/15317540/1500355926/image-3-480x320.jpg,https://media.onthemarket.com/properties/15317540/1500355926/image-4-480x320.jpg"
1 bedroom flat for sale,"London Road, Tunbridge Wells","1 Bedroom 2nd Floor Flat,Town Centre Location,0.3 Miles to TW Station,Communal Gardens","325,000", 01892 310735,"https://media.onthemarket.com/properties/15317386/1500352206/image-0-480x320.jpg,https://media.onthemarket.com/properties/15317386/1500352206/image-0-480x320.jpg,https://media.onthemarket.com/properties/15317386/1500352206/image-1-480x320.jpg,https://media.onthemarket.com/properties/15317386/1500352206/image-2-480x320.jpg,https://media.onthemarket.com/properties/15317386/1500352206/image-3-480x320.jpg,https://media.onthemarket.com/properties/15317386/1500352206/image-4-480x320.jpg"
Land for sale,"Land At High House Farm, Matfen, NE20 0RG",Nearest school 2.4mi.,"695,000", 01434 671119,"https://media.onthemarket.com/properties/15317371/1500352018/image-0-480x320.jpg,https://media.onthemarket.com/properties/15317371/1500352018/image-0-480x320.jpg,https://media.onthemarket.com/properties/15317371/1500352018/image-1-480x320.jpg,https://media.onthemarket.com/properties/15317371/1500352018/image-2-480x320.jpg,https://media.onthemarket.com/properties/15317371/1500352018/image-3-480x320.jpg,https://media.onthemarket.com/properties/15317371/1500352018/image-4-480x320.jpg"
5 bedroom semi-detached house for sale,"Chadshunt, Near Kineton",Nearest school 1.1mi.,"585,000", 01926 267783,"https://media.onthemarket.com/properties/15317241/1500349791/image-0-480x320.jpg,https://media.onthemarket.com/properties/15317241/1500349791/image-0-480x320.jpg,https://media.onthemarket.com/properties/15317241/1500349791/image-1-480x320.jpg,https://media.onthemarket.com/properties/15317241/1500349791/image-2-480x320.jpg,https://media.onthemarket.com/properties/15317241/1500349791/image-3-480x320.jpg,https://media.onthemarket.com/properties/15317241/1500349791/image-4-480x320.jpg"
3 bedroom end of terrace house for sale,"Parkway, Sketty, Swansea","uPVC double glazing and gas combination central heating,Three bedrooms,Kitchen,Conservatory","197,500", 01792 925773,"https://media.onthemarket.com/properties/15319864/1500400654/image-0-480x320.jpg,https://media.onthemarket.com/properties/15319864/1500400654/image-0-480x320.jpg,https://media.onthemarket.com/properties/15319864/1500400654/image-1-480x320.jpg,https://media.onthemarket.com/properties/15319864/1500400654/image-2-480x320.jpg,https://media.onthemarket.com/properties/15319864/1500400654/image-3-480x320.jpg,https://media.onthemarket.com/properties/15319864/1500400654/image-4-480x320.jpg"
5 bedroom detached house for sale,"Morfa Maen, Kidwelly","DETACHED RESIDENCE WITH SELF CONTAINED ANNEXE,FIVE BEDROOMS IN TOTAL,POPULAR RESIDENTIAL LOCATION,VIEWS FROM THE REAR","410,000", 01554 550968,"https://media.onthemarket.com/properties/15319840/1500400374/image-0-480x320.jpg,https://media.onthemarket.com/properties/15319840/1500400374/image-0-480x320.jpg,https://media.onthemarket.com/properties/15319840/1500400374/image-1-480x320.jpg,https://media.onthemarket.com/properties/15319840/1500400374/image-2-480x320.jpg,https://media.onthemarket.com/properties/15319840/1500400374/image-3-480x320.jpg,https://media.onthemarket.com/properties/15319840/1500400374/image-4-480x320.jpg"
4 bedroom detached house for sale,"Dolgran Road, Pencader","DETACHED FOUR BEDROOM HOUSE,FORMER CORN MILL,RURAL LOCATION,BEAUTIFUL GARDEN","600,000", 01267 312988,"https://media.onthemarket.com/properties/15319783/1500399218/image-0-480x320.jpg,https://media.onthemarket.com/properties/15319783/1500399218/image-0-480x320.jpg,https://media.onthemarket.com/properties/15319783/1500399218/image-1-480x320.jpg,https://media.onthemarket.com/properties/15319783/1500399218/image-2-480x320.jpg,https://media.onthemarket.com/properties/15319783/1500399218/image-3-480x320.jpg,https://media.onthemarket.com/properties/15319783/1500399218/image-4-480x320.jpg"
3 bedroom semi-detached house for sale,"Glan Tywi, Ferryside","SEMI DETACHED HOUSE,THREE BEDROOMS,WALKING DISTANCE TO BEACH,GOOD TRANSPORT LINKS","250,000", 01267 312988,"https://media.onthemarket.com/properties/15319778/1500399174/image-0-480x320.jpg,https://media.onthemarket.com/properties/15319778/1500399174/image-0-480x320.jpg,https://media.onthemarket.com/properties/15319778/1500399174/image-1-480x320.jpg,https://media.onthemarket.com/properties/15319778/1500399174/image-2-480x320.jpg,https://media.onthemarket.com/properties/15319778/1500399174/image-3-480x320.jpg,https://media.onthemarket.com/properties/15319778/1500399174/image-4-480x320.jpg"
1 bedroom flat for sale,"Cundy Road, London E16","Tenure: Leasehold (101 years remaining),1 Double Bedroom top floor,Secure Entry System,Lift Access","240,000", 020 3641 3807,"https://media.onthemarket.com/properties/15319490/1500394985/image-0-480x320.jpeg,https://media.onthemarket.com/properties/15319490/1500394985/image-0-480x320.jpeg,https://media.onthemarket.com/properties/15319490/1500394985/image-1-480x320.jpeg,https://media.onthemarket.com/properties/15319490/1500394985/image-2-480x320.jpeg,https://media.onthemarket.com/properties/15319490/1500394985/image-3-480x320.jpg"
1 bedroom flat for sale,"Lincoln Plaza, London E14","Tenure: Leasehold (935 years remaining),Secure modern development with concierge,Stylish studio flat ideal first time buy,Bright and spacious accommodation","400,000", 020 3641 3807,"https://media.onthemarket.com/properties/15319472/1500394790/image-0-480x320.jpg,https://media.onthemarket.com/properties/15319472/1500394790/image-0-480x320.jpg,https://media.onthemarket.com/properties/15319472/1500394790/image-1-480x320.jpg,https://media.onthemarket.com/properties/15319472/1500394790/image-2-480x320.jpg,https://media.onthemarket.com/properties/15319472/1500394790/image-3-480x320.jpeg,https://media.onthemarket.com/properties/15319472/1500394790/image-4-480x320.jpg"
1 bedroom apartment for sale,"Windmill Street, Birmingham B1","473 sq ft floor area,Nearest station 0.3mi.,Nearest school 0.1mi.","200,000", 020 8115 4379,"https://media.onthemarket.com/properties/15302509/1500146037/image-0-480x320.jpeg,https://media.onthemarket.com/properties/15302509/1500146037/image-0-480x320.jpeg,https://media.onthemarket.com/properties/15302509/1500146037/image-1-480x320.jpeg,https://media.onthemarket.com/properties/15302509/1500146037/image-2-480x320.jpeg,https://media.onthemarket.com/properties/15302509/1500146037/image-3-480x320.jpeg,https://media.onthemarket.com/properties/15302509/1500146037/image-4-480x320.jpeg"
Land for sale,"4.1 acres of strategic land near, Slip End, Bedfordshire / Hertfordshire LU1","Tenure: Freehold,Close to Green Belt development.,4.09 acres of flat pasture land.,In a popular residential area.","185,000", 01727 809327,"https://media.onthemarket.com/properties/15301223/1500135896/image-0-480x320.jpg,https://media.onthemarket.com/properties/15301223/1500135896/image-0-480x320.jpg,https://media.onthemarket.com/properties/15301223/1500135896/image-1-480x320.jpg,https://media.onthemarket.com/properties/15301223/1500135896/image-2-480x320.jpg,https://media.onthemarket.com/properties/15301223/1500135896/image-3-480x320.jpg,https://media.onthemarket.com/properties/15301223/1500135896/image-4-480x320.jpg"
3 bedroom semi-detached house for sale,"Gilda Crescent, Polegate BN26","Tenure: Freehold,Guide Price £325,000,CHAIN FREE,Light & Spacious Semi-Detached Home","325,000", 01323 376337,"https://media.onthemarket.com/properties/15298879/1500118548/image-0-480x320.jpg,https://media.onthemarket.com/properties/15298879/1500118548/image-0-480x320.jpg,https://media.onthemarket.com/properties/15298879/1500118548/image-1-480x320.jpg,https://media.onthemarket.com/properties/15298879/1500118548/image-2-480x320.jpg,https://media.onthemarket.com/properties/15298879/1500118548/image-3-480x320.jpg,https://media.onthemarket.com/properties/15298879/1500118548/image-4-480x320.jpg"
Garage for sale,"Gilda Crescent, Polegate BN26","Tenure: Freehold,Guide Price £15,000 to £20,000,Freehold,Parking To The Front","15,000", 01323 376337,"https://media.onthemarket.com/properties/15298866/1500117926/image-0-480x320.jpg,https://media.onthemarket.com/properties/15298866/1500117926/image-0-480x320.jpg,https://media.onthemarket.com/properties/15298866/1500117926/image-1-480x320.png,https://media.onthemarket.com/properties/15298866/1500117926/image-2-480x320.jpg,https://media.onthemarket.com/properties/15298866/1500117926/image-3-480x320.jpg"
1 bedroom flat for sale,"Somercoates Close, Cockfosters, EN4","Tenure: Leasehold,1 BED MAISONETTE,FIRST FLOOR,COCKFOSTERS","332,500", 020 8022 0195,"https://media.onthemarket.com/properties/15298587/1500115107/image-0-480x320.jpg,https://media.onthemarket.com/properties/15298587/1500115107/image-0-480x320.jpg,https://media.onthemarket.com/properties/15298587/1500115107/image-1-480x320.jpg,https://media.onthemarket.com/properties/15298587/1500115107/image-2-480x320.jpg,https://media.onthemarket.com/properties/15298587/1500115107/image-3-480x320.jpg,https://media.onthemarket.com/properties/15298587/1500115107/image-4-480x320.jpg"
Woodland for sale,Crymych SA66,"Tenure: Freehold,15 acres woodland,Large ponds/lakes,Nature reserve in the making","110,000", 020 8128 5147,"https://media.onthemarket.com/properties/15297998/1500104404/image-0-480x320.jpg,https://media.onthemarket.com/properties/15297998/1500104404/image-0-480x320.jpg,https://media.onthemarket.com/properties/15297998/1500104404/image-1-480x320.jpg,https://media.onthemarket.com/properties/15297998/1500104404/image-2-480x320.jpg,https://media.onthemarket.com/properties/15297998/1500104404/image-3-480x320.jpg,https://media.onthemarket.com/properties/15297998/1500104404/image-4-480x320.jpg"
Land for sale,"Bury Road, Hitcham IP7","Tenure: Freehold,AUCTION LOT,NEW BUILD FULL PLANNING APPROVAL,4 BEDROOMS","300,000", 01787 336854,"https://media.onthemarket.com/properties/15274252/1499669835/image-0-480x320.jpg,https://media.onthemarket.com/properties/15274252/1499669835/image-0-480x320.jpg,https://media.onthemarket.com/properties/15274252/1499669835/image-1-480x320.jpg,https://media.onthemarket.com/properties/15274252/1499681243/image-2-480x320.jpg,https://media.onthemarket.com/properties/15274252/1499666628/image-3-480x320.jpg,https://media.onthemarket.com/properties/15274252/1499681243/image-4-480x320.jpg"
1 bedroom apartment for sale,"at Manchester Buy To Let Apartment, Talbot Road M16","Tenure: Leasehold,Call Now to Receive a Floor Plan and Info Pack","220,000", 0161 506 0898,"https://media.onthemarket.com/properties/15322205/1500466123/image-0-480x320.jpg,https://media.onthemarket.com/properties/15322205/1500466123/image-0-480x320.jpg,https://media.onthemarket.com/properties/15322205/1500466123/image-1-480x320.jpg,https://media.onthemarket.com/properties/15322205/1500466123/image-2-480x320.jpg,https://media.onthemarket.com/properties/15322205/1500466123/image-3-480x320.jpg,https://media.onthemarket.com/properties/15322205/1500466123/image-4-480x320.jpg"
3 bedroom detached bungalow for sale,Beccles NR34,"Detached Bungalow,Modern","340,000", 01502 392214,"https://media.onthemarket.com/properties/15322201/1500465987/image-0-480x320.jpg,https://media.onthemarket.com/properties/15322201/1500465987/image-0-480x320.jpg,https://media.onthemarket.com/properties/15322201/1500465987/image-1-480x320.jpg,https://media.onthemarket.com/properties/15322201/1500465987/image-2-480x320.jpg,https://media.onthemarket.com/properties/15322201/1500465987/image-3-480x320.jpg,https://media.onthemarket.com/properties/15322201/1500465987/image-4-480x320.jpg"
3 bedroom semi-detached house for sale,"Blackbird Way, Stowmarket, IP14","THREE BEDOOM SEMI DETACHED FAMILY HOME,DOUBLE GLAZED WINDOWS & DOORS","270,000", 01449 356259,"https://media.onthemarket.com/properties/14946070/1491803212/image-0-480x320.jpg,https://media.onthemarket.com/properties/14946070/1491803212/image-0-480x320.jpg,https://media.onthemarket.com/properties/14946070/1491803212/image-1-480x320.jpg,https://media.onthemarket.com/properties/14946070/1491803212/image-2-480x320.jpg,https://media.onthemarket.com/properties/14946070/1491803212/image-3-480x320.jpg,https://media.onthemarket.com/properties/14946070/1491803212/image-4-480x320.jpg"
1 bedroom apartment for sale,"Newman Way, Rednal, Birmingham, West Midlands, B45","Tenure: Leasehold,Convenient ground floor flat","80,000", 0121 721 7491,"https://media.onthemarket.com/properties/15322193/1500465577/image-0-480x320.jpg,https://media.onthemarket.com/properties/15322193/1500465577/image-0-480x320.jpg,https://media.onthemarket.com/properties/15322193/1500465577/image-1-480x320.jpg,https://media.onthemarket.com/properties/15322193/1500465577/image-2-480x320.jpg,https://media.onthemarket.com/properties/15322193/1500465577/image-3-480x320.jpg,https://media.onthemarket.com/properties/15322193/1500465577/image-4-480x320.jpg"
3 bedroom terraced house for sale,"Maidstone Road, Felixstowe, Suffolk","Tenure: Freehold,MODERN KITCHEN","210,000", 01394 807478,"https://media.onthemarket.com/properties/15322192/1500465572/image-0-480x320.jpg,https://media.onthemarket.com/properties/15322192/1500465572/image-0-480x320.jpg,https://media.onthemarket.com/properties/15322192/1500465572/image-1-480x320.jpg,https://media.onthemarket.com/properties/15322192/1500465572/image-2-480x320.jpg,https://media.onthemarket.com/properties/15322192/1500465572/image-3-480x320.jpg,https://media.onthemarket.com/properties/15322192/1500465572/image-4-480x320.jpg"
1 bedroom apartment for sale,"Periwood Crescent, Perivale, UB6","473 sq ft floor area,Nearest station 0.3mi.","309,950", 020 8033 5575,"https://media.onthemarket.com/properties/15322188/1500465461/image-0-480x320.jpg,https://media.onthemarket.com/properties/15322188/1500465461/image-0-480x320.jpg,https://media.onthemarket.com/properties/15322188/1500465461/image-1-480x320.jpg,https://media.onthemarket.com/properties/15322188/1500465461/image-2-480x320.jpg,https://media.onthemarket.com/properties/15322188/1500465461/image-3-480x320.jpg,https://media.onthemarket.com/properties/15322188/1500465461/image-4-480x320.jpg"
4 bedroom link detached house for sale,"Shaw Close, Maidstone, Kent","Tenure: Freehold,OPEN HOUSE SATURDAY 3RD AUGUST 2024 - by appointment only,Link-detached house,Quiet and convenient cul-de-sac location","535,000", 01622 279829,"https://media.onthemarket.com/properties/15322187/1500465456/image-0-480x320.jpg,https://media.onthemarket.com/properties/15322187/1500465456/image-0-480x320.jpg,https://media.onthemarket.com/properties/15322187/1500465456/image-1-480x320.jpg,https://media.onthemarket.com/properties/15322187/1500465456/image-2-480x320.jpg,https://media.onthemarket.com/properties/15322187/1500465456/image-3-480x320.jpg,https://media.onthemarket.com/properties/15322187/1500465456/image-4-480x320.jpg"
3 bedroom detached bungalow for sale,"London Road, Clacton-On-Sea","Tenure: Freehold,Detached Bungalow,Three bedrooms,Detached Garage","350,000", 01255 481876,"https://media.onthemarket.com/properties/15314721/1500329103/image-0-480x320.jpg,https://media.onthemarket.com/properties/15314721/1500329103/image-0-480x320.jpg,https://media.onthemarket.com/properties/15314721/1500329103/image-1-480x320.jpg,https://media.onthemarket.com/properties/15314721/1500329103/image-2-480x320.jpg,https://media.onthemarket.com/properties/15314721/1500329103/image-3-480x320.jpg,https://media.onthemarket.com/properties/15314721/1500329103/image-4-480x320.jpg"
5 bedroom semi-detached house for sale,"Adamthwaite Drive, Stoke-On-Trent","Tenure: Freehold,HUGE POTENTIAL,POPULAR LOCATION,FIVE BEDROOMS","180,000", 01782 966911,"https://media.onthemarket.com/properties/15314680/1500454986/image-0-480x320.jpg,https://media.onthemarket.com/properties/15314680/1500454986/image-0-480x320.jpg,https://media.onthemarket.com/properties/15314680/1500328832/image-1-480x320.jpg,https://media.onthemarket.com/properties/15314680/1500328832/image-2-480x320.jpg,https://media.onthemarket.com/properties/15314680/1500328832/image-3-480x320.jpg,https://media.onthemarket.com/properties/15314680/1500328832/image-4-480x320.jpg"
2 bedroom barn conversion for sale,"West End, Middleham, Leyburn DL8","Tenure: Freehold,Nearest station 1.8mi.,Nearest school 0.2mi.","110,000", 01969 738982,"https://media.onthemarket.com/properties/15314342/1500328723/image-0-480x320.jpg,https://media.onthemarket.com/properties/15314342/1500328723/image-0-480x320.jpg,https://media.onthemarket.com/properties/15314342/1500328723/image-1-480x320.jpg,https://media.onthemarket.com/properties/15314342/1500328723/image-2-480x320.jpg"
2 bedroom detached bungalow for sale,"Schoolfield Close, Crewe","Tenure: Freehold,Detached Bungalow,Two Bedrooms,Conservatory","325,000", 01270 397940,"https://media.onthemarket.com/properties/15314575/1500327722/image-0-480x320.jpg,https://media.onthemarket.com/properties/15314575/1500327722/image-0-480x320.jpg,https://media.onthemarket.com/properties/15314575/1500327722/image-1-480x320.jpg,https://media.onthemarket.com/properties/15314575/1500327722/image-2-480x320.jpg,https://media.onthemarket.com/properties/15314575/1500327722/image-3-480x320.jpg"
1 bedroom apartment for sale,"Guithavon Street, Witham","Tenure: Leasehold (62 years remaining),No Chain,Ground Floor Apartment,Private Terrace","90,000", 01376 409858,"https://media.onthemarket.com/properties/15314529/1500327262/image-0-480x320.jpg,https://media.onthemarket.com/properties/15314529/1500327262/image-0-480x320.jpg,https://media.onthemarket.com/properties/15314529/1500327262/image-1-480x320.jpg,https://media.onthemarket.com/properties/15314529/1500327262/image-2-480x320.jpg,https://media.onthemarket.com/properties/15314529/1500327262/image-3-480x320.jpg,https://media.onthemarket.com/properties/15314529/1500327262/image-4-480x320.jpg"
3 bedroom semi-detached house for sale,"Maythorne Estate, Leyburn, DL8","Well-Presented Semi-Detached Property,Quiet Edge Of Town Location,3 Good Bedrooms,Spacious Living/Dining Area","275,000", 01969 738985,"https://media.onthemarket.com/properties/15314479/1500327027/image-0-480x320.jpg,https://media.onthemarket.com/properties/15314479/1500327027/image-0-480x320.jpg,https://media.onthemarket.com/properties/15314479/1500327027/image-1-480x320.jpg,https://media.onthemarket.com/properties/15314479/1500327027/image-2-480x320.jpg,https://media.onthemarket.com/properties/15314479/1500327027/image-3-480x320.jpg,https://media.onthemarket.com/properties/15314479/1500327027/image-4-480x320.jpg"
2 bedroom flat for sale,"Belsize Park Gardens, London, NW3","Tenure: Leasehold (156 years remaining),2 bedrooms,2 reception rooms,2 bathrooms","1,595,000", 020 8022 7297,"https://media.onthemarket.com/properties/15314392/1500326537/image-0-480x320.jpg,https://media.onthemarket.com/properties/15314392/1500326537/image-0-480x320.jpg,https://media.onthemarket.com/properties/15314392/1500326537/image-1-480x320.jpg,https://media.onthemarket.com/properties/15314392/1500326537/image-2-480x320.jpg,https://media.onthemarket.com/properties/15314392/1500326537/image-3-480x320.jpg,https://media.onthemarket.com/properties/15314392/1500326537/image-4-480x320.jpg"
3 bedroom terraced house for sale,"Gertrude Street, London, SW10","Tenure: Freehold,3 bedrooms,3 reception rooms,3 bathrooms","2,950,000", 020 8022 7230,"https://media.onthemarket.com/properties/15317083/1500347760/image-0-480x320.jpg,https://media.onthemarket.com/properties/15317083/1500347760/image-0-480x320.jpg,https://media.onthemarket.com/properties/15317083/1500347760/image-1-480x320.jpg,https://media.onthemarket.com/properties/15317083/1500347760/image-2-480x320.jpg,https://media.onthemarket.com/properties/15317083/1500347760/image-3-480x320.jpg,https://media.onthemarket.com/properties/15317083/1500347760/image-4-480x320.jpg"
3 bedroom end of terrace house for sale,"Madden Avenue, Great Yarmouth","Tenure: Freehold,Off Road Parking,Wooden Floors,Separate Ground Floor WC","200,000", 01493 288941,"https://media.onthemarket.com/properties/15316596/1500343616/image-0-480x320.jpg,https://media.onthemarket.com/properties/15316596/1500343616/image-0-480x320.jpg,https://media.onthemarket.com/properties/15316596/1500343616/image-1-480x320.jpg,https://media.onthemarket.com/properties/15316596/1500343616/image-2-480x320.jpg,https://media.onthemarket.com/properties/15316596/1500343616/image-3-480x320.jpg,https://media.onthemarket.com/properties/15316596/1500343616/image-4-480x320.jpg"
4 bedroom end of terrace house for sale,"Birch Grove, Brynmawr","Tenure: Freehold,End of Terrace Home,Four Bedrooms,Two Reception Rooms","185,000", 01495 522946,"https://media.onthemarket.com/properties/15316535/1500442907/image-0-480x320.jpg,https://media.onthemarket.com/properties/15316535/1500442907/image-0-480x320.jpg,https://media.onthemarket.com/properties/15316535/1500442907/image-1-480x320.jpg,https://media.onthemarket.com/properties/15316535/1500442907/image-2-480x320.jpg,https://media.onthemarket.com/properties/15316535/1500442907/image-3-480x320.jpg,https://media.onthemarket.com/properties/15316535/1500442907/image-4-480x320.jpg"
1 bedroom flat for sale,"Slough,  Berkshire,  SL1","Tenure: Leasehold,family bathroom,chain,leasehold property","200,000", 01753 903856,[None]
2 bedroom end of terrace house for sale,"Common Road, Hemsby","Tenure: Freehold,Cosy Living Room,English Garden,Private Driveway","200,000", 01493 288941,"https://media.onthemarket.com/properties/15316301/1500341065/image-0-480x320.jpg,https://media.onthemarket.com/properties/15316301/1500341065/image-0-480x320.jpg,https://media.onthemarket.com/properties/15316301/1500341065/image-1-480x320.jpg,https://media.onthemarket.com/properties/15316301/1500341065/image-2-480x320.jpg,https://media.onthemarket.com/properties/15316301/1500341065/image-3-480x320.jpg,https://media.onthemarket.com/properties/15316301/1500341065/image-4-480x320.jpg"
2 bedroom flat for sale,"Millbank, London SW1P","Tenure: Leasehold,State-of-the-art gymnasium, Residents' lounge, 24-hour concierge service","2,600,000", 020 3641 3807,"https://media.onthemarket.com/properties/15319396/1500393634/image-0-480x320.jpg,https://media.onthemarket.com/properties/15319396/1500393634/image-0-480x320.jpg,https://media.onthemarket.com/properties/15319396/1500393634/image-1-480x320.jpg,https://media.onthemarket.com/properties/15319396/1500393634/image-2-480x320.jpg,https://media.onthemarket.com/properties/15319396/1500393634/image-3-480x320.jpg,https://media.onthemarket.com/properties/15319396/1500393634/image-4-480x320.jpg"
2 bedroom terraced house for sale,"Crow Bridge, Cullompton, Devon, EX15","Tenure: Freehold,Charming period cottage,Character features,Vacant possession","225,000", 01823 760840,"https://media.onthemarket.com/properties/15319204/1500390686/image-0-480x320.jpg,https://media.onthemarket.com/properties/15319204/1500390686/image-0-480x320.jpg,https://media.onthemarket.com/properties/15319204/1500390686/image-1-480x320.jpg,https://media.onthemarket.com/properties/15319204/1500390686/image-2-480x320.jpg,https://media.onthemarket.com/properties/15319204/1500390686/image-3-480x320.jpg,https://media.onthemarket.com/properties/15319204/1500390686/image-4-480x320.jpg"
2 bedroom bungalow for sale,"Swifts, Langford Budville, Wellington, Somerset, TA21","Tenure: Freehold,Village location,Off road parking,Double glazing","230,000", 01823 760840,"https://media.onthemarket.com/properties/15319203/1500390683/image-0-480x320.jpg,https://media.onthemarket.com/properties/15319203/1500390683/image-0-480x320.jpg,https://media.onthemarket.com/properties/15319203/1500390683/image-1-480x320.jpg,https://media.onthemarket.com/properties/15319203/1500390683/image-2-480x320.jpg,https://media.onthemarket.com/properties/15319203/1500390683/image-3-480x320.jpg,https://media.onthemarket.com/properties/15319203/1500390683/image-4-480x320.jpg"
3 bedroom detached house for sale,"Station Road, Tinhay, Lifton, Devon, PL16","Tenure: Freehold,Detached imposing former manse.,Located at Tinhay close to Lifton.,Light and airy accommodation.","350,000", 01566 339973,"https://media.onthemarket.com/properties/15319182/1500390466/image-0-480x320.jpg,https://media.onthemarket.com/properties/15319182/1500390466/image-0-480x320.jpg,https://media.onthemarket.com/properties/15319182/1500390466/image-1-480x320.jpg,https://media.onthemarket.com/properties/15319182/1500390466/image-2-480x320.jpg,https://media.onthemarket.com/properties/15319182/1500390466/image-3-480x320.jpg,https://media.onthemarket.com/properties/15319182/1500390466/image-4-480x320.jpg"
Plot for sale,"Treswell Farm, Congdons Shop, Launceston, Cornwall, PL15","Tenure: Freehold,Superb development opportunity.,Grade II Listed former barn.,All with individual full residential consent.","225,000", 01566 339973,"https://media.onthemarket.com/properties/15319181/1500390455/image-0-480x320.jpg,https://media.onthemarket.com/properties/15319181/1500390455/image-0-480x320.jpg,https://media.onthemarket.com/properties/15319181/1500390455/image-1-480x320.jpg,https://media.onthemarket.com/properties/15319181/1500390455/image-2-480x320.jpg,https://media.onthemarket.com/properties/15319181/1500390455/image-3-480x320.jpg,https://media.onthemarket.com/properties/15319181/1500390455/image-4-480x320.jpg"
3 bedroom semi-detached house for sale,"St. Michaels Way, Roche, St. Austell, Cornwall, PL26","Tenure: Freehold,Three bedroom semi detached house,Garage with driveway parking,Conservatory and rear garden","235,000", 01208 216965,"https://media.onthemarket.com/properties/15319164/1500390326/image-0-480x320.jpg,https://media.onthemarket.com/properties/15319164/1500390326/image-0-480x320.jpg,https://media.onthemarket.com/properties/15319164/1500390326/image-1-480x320.jpg,https://media.onthemarket.com/properties/15319164/1500390326/image-2-480x320.jpg,https://media.onthemarket.com/properties/15319164/1500390326/image-3-480x320.jpg,https://media.onthemarket.com/properties/15319164/1500390326/image-4-480x320.jpg"
2 bedroom terraced house for sale,"Fearnley Street, West Watford","Tenure: Freehold,2 Double Bedrooms + Loft Room,2 Stunning Bathrooms,Open Plan Lounge/Diner","425,000", 01923 908965,"https://media.onthemarket.com/properties/13690921/1500093037/image-0-480x320.jpg,https://media.onthemarket.com/properties/13690921/1500093037/image-0-480x320.jpg,https://media.onthemarket.com/properties/13690921/1500093037/image-1-480x320.jpg,https://media.onthemarket.com/properties/13690921/1500093037/image-2-480x320.jpg,https://media.onthemarket.com/properties/13690921/1500093037/image-3-480x320.jpg,https://media.onthemarket.com/properties/13690921/1500093037/image-4-480x320.jpg"
2 bedroom flat for sale,"Marlborough Hill, St Johns Wood, London, NW8 0NG","Tenure: Leasehold,Stunning Period Property,Tree Lined Terrace.,Excellent decorative condition","765,000", 020 3551 4980,"https://media.onthemarket.com/properties/15293929/1500027311/image-0-480x320.jpg,https://media.onthemarket.com/properties/15293929/1500027311/image-0-480x320.jpg,https://media.onthemarket.com/properties/15293929/1500027311/image-1-480x320.jpg,https://media.onthemarket.com/properties/15293929/1500027311/image-2-480x320.jpg,https://media.onthemarket.com/properties/15293929/1500027311/image-3-480x320.jpg,https://media.onthemarket.com/properties/15293929/1500027311/image-4-480x320.jpg"
2 bedroom apartment for sale,"Rhodes Moorhouse Way, Longhedge SP4","Tenure: Leasehold (120 years remaining),Shared Ownership: based on 40% share,Open-plan kitchen / living area,Fitted kitchen with oven, hob and hood","78,000", 023 9424 6042,"https://media.onthemarket.com/properties/11786693/1499962139/image-0-480x320.jpg,https://media.onthemarket.com/properties/11786693/1499962139/image-0-480x320.jpg,https://media.onthemarket.com/properties/11786693/1499962139/image-1-480x320.jpg,https://media.onthemarket.com/properties/11786693/1499962139/image-2-480x320.jpg,https://media.onthemarket.com/properties/11786693/1499962139/image-3-480x320.jpg,https://media.onthemarket.com/properties/11786693/1499962139/image-4-480x320.jpg"
2 bedroom apartment for sale,"Chadwick Way, Hamble SO31","Tenure: Leasehold (80 years remaining),Shared Ownership: based on 50% share,Spacious living room,Fitted kitchen with oven and hob","87,500", 023 9424 6042,"https://media.onthemarket.com/properties/15291058/1499954082/image-0-480x320.jpg,https://media.onthemarket.com/properties/15291058/1499954082/image-0-480x320.jpg,https://media.onthemarket.com/properties/15291058/1499954082/image-1-480x320.jpg,https://media.onthemarket.com/properties/15291058/1499954082/image-2-480x320.jpg,https://media.onthemarket.com/properties/15291058/1499954082/image-3-480x320.jpg,https://media.onthemarket.com/properties/15291058/1499954082/image-4-480x320.jpg"
2 bedroom semi-detached house for sale,"Rowan Place, Ilchester BA22","Tenure: Leasehold (987 years remaining),Shared Ownership: based on 50% share,Spacious living area,Fitted kitchen with oven, hob and hood","110,000", 023 9424 6042,"https://media.onthemarket.com/properties/15290552/1499947556/image-0-480x320.jpg,https://media.onthemarket.com/properties/15290552/1499947556/image-0-480x320.jpg,https://media.onthemarket.com/properties/15290552/1499947556/image-1-480x320.jpg,https://media.onthemarket.com/properties/15290552/1499947556/image-2-480x320.jpg,https://media.onthemarket.com/properties/15290552/1499947556/image-3-480x320.jpg,https://media.onthemarket.com/properties/15290552/1499947556/image-4-480x320.jpg"
3 bedroom end of terrace house for sale,"Trigg Crescent, Longhedge SP4","Tenure: Leasehold (119 years remaining),Shared Ownership: based on 55% share,Spacious living area,Fitted kitchen with oven, hob and hood","173,250", 023 9424 6042,"https://media.onthemarket.com/properties/15289749/1499933385/image-0-480x320.jpg,https://media.onthemarket.com/properties/15289749/1499933385/image-0-480x320.jpg,https://media.onthemarket.com/properties/15289749/1499933385/image-1-480x320.jpg,https://media.onthemarket.com/properties/15289749/1499933385/image-2-480x320.jpg,https://media.onthemarket.com/properties/15289749/1499933385/image-3-480x320.jpg,https://media.onthemarket.com/properties/15289749/1499933385/image-4-480x320.jpg"
2 bedroom apartment for sale,"Winchester Court, West View, Halifax, West Yorkshire, HX3","Shops and amenities nearby,Fitted Kitchen,En suite,Double glazing","110,000", 01274 506656,"https://media.onthemarket.com/properties/15289293/1499926809/image-0-480x320.jpg,https://media.onthemarket.com/properties/15289293/1499926809/image-0-480x320.jpg,https://media.onthemarket.com/properties/15289293/1499926809/image-1-480x320.jpg,https://media.onthemarket.com/properties/15289293/1499926809/image-2-480x320.jpg,https://media.onthemarket.com/properties/15289293/1499926809/image-3-480x320.jpg,https://media.onthemarket.com/properties/15289293/1499926809/image-4-480x320.jpg"
4 bedroom townhouse for sale,"Walnut Tree Avenue, Rendlesham, IP12 2GG","Tenure: Freehold,Popular Village Location","290,000", 01394 807904,"https://media.onthemarket.com/properties/15322185/1500465433/image-0-480x320.jpg,https://media.onthemarket.com/properties/15322185/1500465433/image-0-480x320.jpg,https://media.onthemarket.com/properties/15322185/1500465433/image-1-480x320.jpg,https://media.onthemarket.com/properties/15322185/1500465433/image-2-480x320.jpg,https://media.onthemarket.com/properties/15322185/1500465433/image-3-480x320.jpg,https://media.onthemarket.com/properties/15322185/1500465433/image-4-480x320.jpg"
3 bedroom semi-detached house for sale,"Court Hey Road, Liverpool, Merseyside, L16","Corner Plot,3 Bedrooms","290,000", 0151 382 8296,"https://media.onthemarket.com/properties/14716989/1486303438/image-0-480x320.jpg,https://media.onthemarket.com/properties/14716989/1486303438/image-0-480x320.jpg,https://media.onthemarket.com/properties/14716989/1486303438/image-1-480x320.jpg,https://media.onthemarket.com/properties/14716989/1486303438/image-2-480x320.jpg,https://media.onthemarket.com/properties/14716989/1486303438/image-3-480x320.jpg,https://media.onthemarket.com/properties/14716989/1486303438/image-4-480x320.jpg"
3 bedroom flat for sale,"Flat 2, 8, Kimmerghame Place, Edinburgh, EH4 2GE","Beautifully presented three bedroom flat,Prestigious location close to city centre","370,000", 0131 268 9625,"https://media.onthemarket.com/properties/15322177/1500465274/image-0-480x320.jpg,https://media.onthemarket.com/properties/15322177/1500465274/image-0-480x320.jpg,https://media.onthemarket.com/properties/15322177/1500465274/image-1-480x320.jpg,https://media.onthemarket.com/properties/15322177/1500465274/image-2-480x320.jpg,https://media.onthemarket.com/properties/15322177/1500465274/image-3-480x320.jpg,https://media.onthemarket.com/properties/15322177/1500465274/image-4-480x320.jpg"
1 bedroom flat for sale,"3/12 McLeod Street, Gorgie, Edinburgh, EH11 2NJ","Tenure: Freehold,Bright top (3rd) floor flat.","115,000", 0131 268 9619,"https://media.onthemarket.com/properties/15322176/1500465272/image-0-480x320.jpg,https://media.onthemarket.com/properties/15322176/1500465272/image-0-480x320.jpg,https://media.onthemarket.com/properties/15322176/1500465272/image-1-480x320.jpg,https://media.onthemarket.com/properties/15322176/1500465272/image-2-480x320.jpg,https://media.onthemarket.com/properties/15322176/1500465272/image-3-480x320.jpg,https://media.onthemarket.com/properties/15322176/1500465272/image-4-480x320.jpg"
5 bedroom detached house for sale,"Valley Road,  Weaverham, CW8","No Chain,Fabulous Family Home","550,000", 01606 622869,"https://media.onthemarket.com/properties/15322173/1500465234/image-0-480x320.jpg,https://media.onthemarket.com/properties/15322173/1500465234/image-0-480x320.jpg,https://media.onthemarket.com/properties/15322173/1500465234/image-1-480x320.jpg,https://media.onthemarket.com/properties/15322173/1500465234/image-2-480x320.jpg,https://media.onthemarket.com/properties/15322173/1500465234/image-3-480x320.jpg,https://media.onthemarket.com/properties/15322173/1500465234/image-4-480x320.jpg"
3 bedroom semi-detached house for sale,"Keepers Lane,  Weaverham, CW8","Lovely Corner Plot,Superb Family Home","220,000", 01606 622869,"https://media.onthemarket.com/properties/15322168/1500465162/image-0-480x320.jpg,https://media.onthemarket.com/properties/15322168/1500465162/image-0-480x320.jpg,https://media.onthemarket.com/properties/15322168/1500465162/image-1-480x320.jpg,https://media.onthemarket.com/properties/15322168/1500465162/image-2-480x320.jpg,https://media.onthemarket.com/properties/15322168/1500465162/image-3-480x320.jpg,https://media.onthemarket.com/properties/15322168/1500465162/image-4-480x320.jpg"
2 bedroom terraced house for sale,"Scott Drive, Wickford, Essex","Tenure: Freehold,OPEN HOUSE SATURDAY 3RD AUGUST 2024 - by appointment only,On the doorstep to Oakfield Primary School,Stunning family bathroom","325,000", 01268 810632,"https://media.onthemarket.com/properties/15322166/1500465138/image-0-480x320.jpg,https://media.onthemarket.com/properties/15322166/1500465138/image-0-480x320.jpg,https://media.onthemarket.com/properties/15322166/1500465138/image-1-480x320.jpg,https://media.onthemarket.com/properties/15322166/1500465138/image-2-480x320.jpg,https://media.onthemarket.com/properties/15322166/1500465138/image-3-480x320.jpg,https://media.onthemarket.com/properties/15322166/1500465138/image-4-480x320.jpg"
5 bedroom detached house for sale,"Lambridge Wood Road, Henley-on-Thames, Oxfordshire, RG9","Tenure: Freehold,5 bedrooms,4 reception rooms,4 bathrooms","4,400,000", 01491 738871,"https://media.onthemarket.com/properties/15314094/1500324365/image-0-480x320.jpg,https://media.onthemarket.com/properties/15314094/1500324365/image-0-480x320.jpg,https://media.onthemarket.com/properties/15314094/1500324365/image-1-480x320.jpg,https://media.onthemarket.com/properties/15314094/1500324365/image-2-480x320.jpg,https://media.onthemarket.com/properties/15314094/1500324365/image-3-480x320.jpg,https://media.onthemarket.com/properties/15314094/1500324365/image-4-480x320.jpg"
4 bedroom bungalow for sale,"Lakelands Close, Witheridge, Tiverton, Devon, EX16","Tenure: Freehold,Detached bungalow,Four bedrooms,Corner plot","339,950", 01769 307973,"https://media.onthemarket.com/properties/15313911/1500322873/image-0-480x320.jpg,https://media.onthemarket.com/properties/15313911/1500322873/image-0-480x320.jpg,https://media.onthemarket.com/properties/15313911/1500322873/image-1-480x320.jpg,https://media.onthemarket.com/properties/15313911/1500322873/image-2-480x320.jpg,https://media.onthemarket.com/properties/15313911/1500322873/image-3-480x320.jpg,https://media.onthemarket.com/properties/15313911/1500322873/image-4-480x320.jpg"
4 bedroom detached house for sale,"St Bridgets Close,  Bridstow,  Ross-on-Wye,  HR9","Tenure: Freehold,Exclusive development of 8 properties,Located 2 miles from Ross-on-Wye,Scenic setting with south-facing garden","700,000", 01432 644954,"https://media.onthemarket.com/properties/15313892/1500322644/image-0-480x320.jpg,https://media.onthemarket.com/properties/15313892/1500322644/image-0-480x320.jpg,https://media.onthemarket.com/properties/15313892/1500322644/image-1-480x320.jpg,https://media.onthemarket.com/properties/15313892/1500322644/image-2-480x320.jpg,https://media.onthemarket.com/properties/15313892/1500322644/image-3-480x320.jpg,https://media.onthemarket.com/properties/15313892/1500322644/image-4-480x320.jpg"
3 bedroom semi-detached house for sale,"Farndon Avenue, Marston Green, Birmingham, B37","Tenure: Freehold,BEAUTIFUL SEMI DETACHED FAMILY HOME,THREE BEDROOMS,KITCHEN DINER OVERLOOKING THE REAR","300,000", 0121 659 7841,"https://media.onthemarket.com/properties/15312855/1500306606/image-0-480x320.jpg,https://media.onthemarket.com/properties/15312855/1500306606/image-0-480x320.jpg,https://media.onthemarket.com/properties/15312855/1500306606/image-1-480x320.jpg,https://media.onthemarket.com/properties/15312855/1500306606/image-2-480x320.jpg,https://media.onthemarket.com/properties/15312855/1500306606/image-3-480x320.jpg,https://media.onthemarket.com/properties/15312855/1500306606/image-4-480x320.jpg"
4 bedroom barn conversion for sale,"The Barn, Grange Farm, Stapleton, Darlington","Tenure: Freehold,An Exciting Opportunity to Purchase a Detached Barn with Permitted Development,To Create a Substantial Barn Conversion,Class Q Planning Permission for a 4 Bedroom Dwelling","225,000", 01969 738984,"https://media.onthemarket.com/properties/15312258/1500323042/image-0-480x320.jpg,https://media.onthemarket.com/properties/15312258/1500323042/image-0-480x320.jpg,https://media.onthemarket.com/properties/15312258/1500323042/image-1-480x320.jpg,https://media.onthemarket.com/properties/15312258/1500323042/image-2-480x320.jpg,https://media.onthemarket.com/properties/15312258/1500283727/image-3-480x320.jpg,https://media.onthemarket.com/properties/15312258/1500283727/image-4-480x320.jpg"
Plot for sale,"Sea Cliff, Strawberry Lane, Penally, Tenby","Tenure: Freehold,1,162 sq ft floor area,Nearest station 0.3mi.,Nearest school 1.2mi.","250,000", 01437 723104,"https://media.onthemarket.com/properties/15310812/1500271618/image-0-480x320.jpg,https://media.onthemarket.com/properties/15310812/1500271618/image-0-480x320.jpg,https://media.onthemarket.com/properties/15310812/1500271618/image-1-480x320.jpg,https://media.onthemarket.com/properties/15310812/1500271618/image-2-480x320.jpg,https://media.onthemarket.com/properties/15310812/1500271618/image-3-480x320.jpg,https://media.onthemarket.com/properties/15310812/1500271618/image-4-480x320.jpg"
2 bedroom apartment for sale,"Norton Way, Poole BH15","Tenure: Leasehold (106 years remaining),Shared Ownership: based on 50% share*,Open-plan kitchen / living area,Fitted kitchen with oven and hob","107,500", 023 9424 6042,"https://media.onthemarket.com/properties/15309751/1500263446/image-0-480x320.jpg,https://media.onthemarket.com/properties/15309751/1500263446/image-0-480x320.jpg,https://media.onthemarket.com/properties/15309751/1500263446/image-1-480x320.jpg,https://media.onthemarket.com/properties/15309751/1500263446/image-2-480x320.jpg,https://media.onthemarket.com/properties/15309751/1500263446/image-3-480x320.jpg,https://media.onthemarket.com/properties/15309751/1500263446/image-4-480x320.jpg"
3 bedroom terraced house for sale,"St Marys Road, Bodmin, Cornwall, PL31","Tenure: Freehold,Three bedroom terrace,Two reception rooms,Generous rear garden","150,000", 01208 216965,"https://media.onthemarket.com/properties/15319163/1500390320/image-0-480x320.jpg,https://media.onthemarket.com/properties/15319163/1500390320/image-0-480x320.jpg,https://media.onthemarket.com/properties/15319163/1500390320/image-1-480x320.jpg,https://media.onthemarket.com/properties/15319163/1500390320/image-2-480x320.jpg,https://media.onthemarket.com/properties/15319163/1500390320/image-3-480x320.jpg,https://media.onthemarket.com/properties/15319163/1500390320/image-4-480x320.jpg"
4 bedroom bungalow for sale,"Hargill Close, Harmby, Leyburn, DL8","Tenure: Freehold,Well-Presented Detached Dormer Bungalow,Capacious Corner Plot On Quiet Cul-De-Sac,4 Bedrooms","425,000", 01969 738985,"https://media.onthemarket.com/properties/15319098/1500389340/image-0-480x320.jpg,https://media.onthemarket.com/properties/15319098/1500389340/image-0-480x320.jpg,https://media.onthemarket.com/properties/15319098/1500389340/image-1-480x320.jpg,https://media.onthemarket.com/properties/15319098/1500389340/image-2-480x320.jpg,https://media.onthemarket.com/properties/15319098/1500389340/image-3-480x320.jpg,https://media.onthemarket.com/properties/15319098/1500389340/image-4-480x320.jpg"
3 bedroom bungalow for sale,"Westbury Gardens, Higher Odcombe, Yeovil, Somerset, BA22","Tenure: Freehold,Delightful three bedroom bungalow,Spacious accommodation,Garage plus driveway parking for several vehicles","395,000", 01935 590896,"https://media.onthemarket.com/properties/15318624/1500372840/image-0-480x320.jpg,https://media.onthemarket.com/properties/15318624/1500372840/image-0-480x320.jpg,https://media.onthemarket.com/properties/15318624/1500372840/image-1-480x320.jpg,https://media.onthemarket.com/properties/15318624/1500372840/image-2-480x320.jpg,https://media.onthemarket.com/properties/15318624/1500372840/image-3-480x320.jpg,https://media.onthemarket.com/properties/15318624/1500372840/image-4-480x320.jpg"
4 bedroom detached house for sale,"Back Drove, Leigh, Sherborne, Dorset, DT9","Tenure: Freehold,4 Bedrooms,No Onward Chain,Glorious Views","1,295,000", 01935 590903,"https://media.onthemarket.com/properties/15318622/1500372676/image-0-480x320.jpg,https://media.onthemarket.com/properties/15318622/1500372676/image-0-480x320.jpg,https://media.onthemarket.com/properties/15318622/1500372676/image-1-480x320.jpg,https://media.onthemarket.com/properties/15318622/1500372676/image-2-480x320.jpg,https://media.onthemarket.com/properties/15318622/1500372676/image-3-480x320.jpg,https://media.onthemarket.com/properties/15318622/1500372676/image-4-480x320.jpg"
Woodland for sale,"Brackenthwaite Lane, Burn Bridge HG3","Tenure: Freehold,14.53 acre(s) of land,Nearest station 0.8mi.,Nearest school 0.8mi.","80,000", 01943 613247,[None]
1 bedroom mobile home for sale,Chertsey,"Refurbished,1 Bedroom","104,950", 01932 964535,"https://media.onthemarket.com/properties/14726689/1500464955/image-0-480x320.jpg,https://media.onthemarket.com/properties/14726689/1500464955/image-0-480x320.jpg,https://media.onthemarket.com/properties/14726689/1500464955/image-1-480x320.jpg,https://media.onthemarket.com/properties/14726689/1500464955/image-2-480x320.jpg,https://media.onthemarket.com/properties/14726689/1500464955/image-3-480x320.jpg,https://media.onthemarket.com/properties/14726689/1500464955/image-4-480x320.jpg"
4 bedroom detached house for sale,"Carter Close, Ansford BA7","Tenure: Leasehold (123 years remaining),Shared Ownership; price based on a 35% share*,Fitted kitchen with oven, hob and hood,Utility room and study","147,000", 023 9424 6042,"https://media.onthemarket.com/properties/14341779/1500254293/image-0-480x320.jpg,https://media.onthemarket.com/properties/14341779/1500254293/image-0-480x320.jpg,https://media.onthemarket.com/properties/14341779/1500254293/image-1-480x320.jpg,https://media.onthemarket.com/properties/14341779/1500254293/image-2-480x320.jpg,https://media.onthemarket.com/properties/14341779/1500254293/image-3-480x320.jpg,https://media.onthemarket.com/properties/14341779/1500254293/image-4-480x320.jpg"
